"packetSentToPeerWithoutRetry:vector(packetBytes) manet.host[0].wlan[0].mac.dcf ($rateControl="""", $bitrate=6, #0 - Dynamic-0-20220517-11:59:51-11324)",
0.110214725807,92
0.121666488356,104
0.125130407739,116
0.128938368694,110
0.130396705183,122
0.130606458661,122
0.131210054051,116
0.132191793221,110
0.134416536521,116
0.134499536521,122
0.137851318754,122
0.138525366877,122
0.138725366877,122
0.14310585605,116
3.107908584096,92
3.127701936978,104
3.134137389841,116
3.1352360252,110
3.1354360252,122
3.1355100252,116
3.138932786002,116
3.143952629684,128
3.144991048948,122
3.145589972113,128
3.155338492001,128
7.110178577967,92
7.120345758735,104
7.126353634391,110
7.13470337586,116
7.135814935135,116
7.138201966149,122
7.140686345574,64
7.143156793543,14
7.143745436188,14
7.144882806933,14
7.147364510954,1500
7.150349018394,864
7.161767893037,14
7.162160893024,14
7.162770034529,14
7.163048034529,1500
7.169350407376,14
7.170798609673,14
7.172044811624,14
7.18162384299,14
7.184689401513,14
7.184956401513,864
7.189659959591,14
7.189913599111,14
7.193550958849,14
7.197753597861,1500
7.198201597835,14
7.199604236712,864
7.2014205143,1500
7.202976152949,864
7.223259967624,944
7.22407160486,1500
7.224953242032,864
7.237460975656,1500
7.250459624461,14
7.250935259888,14
7.251170895292,14
7.252373895292,864
7.252808530608,1500
7.253564165861,864
7.253980801097,1500
7.256903436127,864
7.265777532511,944
7.277628807642,1500
7.278530812064,864
7.279653445567,14
7.279781079054,14
7.28025671252,14
7.280676712506,14
7.28952797866,1500
7.291236611397,864
7.291581244117,1500
7.298691780677,864
7.304651579537,1500
7.307733842913,864
7.311807474285,944
7.321091699128,14
7.321441329848,14
7.329265952755,1500
7.329482582948,864
7.330093213106,1500
7.331064843195,864
7.331927473236,1500
7.340979158024,864
7.348040786996,1500
7.34928304481,864
7.360560198148,944
7.363693454195,1500
7.375929750428,864
7.37630137753,1500
7.376518004611,864
7.377353631643,1500
7.377570258654,864
7.379478885511,1500
7.383547138965,864
7.384514765521,944
7.384958392057,1500
7.398751643588,864
7.399087269186,1500
7.400786894667,864
7.402068520071,1500
7.406423145096,864
7.407150770168,1500
7.407951395178,864
7.409045020124,944
7.418540988324,1500
7.419359612584,864
7.428960236311,1500
7.429877859881,864
7.431695483338,1500
7.438224106284,864
7.446561351471,1500
7.449816973735,864
7.450090595982,944
7.450471218212,1500
7.454769840152,864
7.455659462046,1500
7.455876083913,864
7.457148705701,1500
7.459190327352,864
7.464224570202,1500
7.467416191315,864
7.468180812381,944
7.471662433223,1500
7.472598053998,864
7.483591674724,1500
7.485255294674,864
7.486090914579,1500
7.486999534415,864
7.487452154234,1500
7.489061773936,864
7.489371393621,944
7.489788013286,1500
7.490004632927,864
7.493024252383,1500
7.494597871724,864
7.495023491048,1500
7.495797110311,864
7.496587729535,1500
7.498260348638,864
7.499155967682,944
7.50294358649,1500
7.504337205198,864
7.512096823565,1500
7.523554041191,864
7.525146658558,1500
7.544862762804,864
7.545270378867,1500
7.545486994906,864
7.548544226659,944
7.549256842459,1500
7.549473458241,864
7.550854073946,1500
7.55482778954,864
7.557302404825,1500
7.577056115902,864
7.578765343761,1500
7.583810745755,864
7.588908358961,944
7.589288972183,1500
7.592869585119,864
7.597487197812,1500
7.616257284254,864
7.617385895674,1500
7.618806506991,864
7.619160118292,1500
7.62511472911,864
7.625879339979,944
7.626771950795,1500
7.631709561286,864
7.63438278208,1500
7.636235392281,864
7.636891002447,1500
7.637107612592,864
7.638416222661,1500
7.643497832397,864
7.643834442117,944
7.65146744211,1500
7.654570051139,864
7.671216045924,1500
7.681336721937,864
7.698242454934,1500
7.700502667241,864
7.708378667241,1500
7.710384272719,864
7.728969668598,944
7.729332272883,1500
7.735120480728,864
7.746646532114,1500
7.746863135284,864
7.748153738382,1500
7.748370341458,864
7.748813944517,1500
7.751709547382,864
7.752321150215,944
7.762901423988,1500
7.763118026134,864
7.782457390189,1500
7.782673991105,864
7.784220861541,1500
7.78595646225,864
7.786346062943,1500
7.788117663517,864
7.788445264074,944
7.789229864588,1500
7.805806064968,864
7.820120530946,1500
7.82817412894,864
7.828617726988,1500
7.828834325011,864
7.829507922997,1500
7.831189520873,864
7.831535118732,944
7.834206716429,1500
7.834423314103,864
7.847258314103,1500
7.847474910963,864
7.85345636062,1500
7.867647805501,864
7.879271995951,1500
7.893730590495,864
7.894031184464,944
7.894905778384,1500
7.906497778384,864
7.907788371505,1500
7.908633964567,864
7.915341150158,1500
7.915557742792,864
7.915902335411,1500
7.916118928011,864
7.916446520595,944
7.923582947509,116
7.923759947509,140
7.924100947509,1500
7.926519539467,864
7.926873131408,1500
7.93089413325,864
7.93787772449,1500
7.94844835067,864
7.96359838153,1500
7.965054971116,864
7.978688596979,1500
7.983818762194,864
7.995386554536,944
8.010748140878,92
8.010881140878,92
8.011050140878,86
8.023718029907,110
8.032378077901,122
8.035978744776,122
8.037278242241,122
8.037868988904,122
8.038551381702,122
8.040719951913,122
8.625722745832,128
8.627469086476,134
8.629982862266,134
8.63242274544,140
8.636247917896,140
8.676271620566,110
8.685734664223,116
8.689267612614,122
8.690943491161,122
8.694294231137,122
8.694494231137,122
8.694649231137,116
8.697387824148,122
8.697762328421,122
9.623150706617,64
9.62463481083,14
9.626036887118,14
9.640499107314,1500
9.660159801998,864
9.694113188206,1500
9.70628760506,864
9.722333103731,1500
9.725582519931,864
9.725929936122,1500
9.72681435228,864
9.734600721368,944
9.744402796732,1500
9.764940796732,864
9.811221708463,1500
9.811441121772,864
9.813333535025,1500
9.830479667494,864
9.830917080159,1500
9.846378978064,864
9.861931508902,944
9.891596508902,1500
9.89181591954,864
9.899812802257,1500
9.917470802257,864
9.926297211762,1500
9.939248292024,864
9.954549292024,1500
10.001250292024,864
10.039357572729,944
10.057561414648,1500
10.075399414648,864
10.105705819254,1500
10.133451222068,864
10.148248222068,1500
10.148467624406,864
10.158760435913,1500
10.177966435913,864
10.17832383731,944
10.192554802164,1500
10.195380203022,864
10.207871559496,1500
10.222046559496,864
10.223163959487,1500
10.231765359422,864
10.243719097346,1500
10.289340097346,864
10.313732097346,944
10.321726494279,1500
10.330447494279,864
10.348732814913,1500
10.387315814913,864
10.404040209336,1500
10.415632209336,864
10.429322209336,1500
10.464737209336,864
10.511161209336,944
10.521298600238,1500
10.523745991053,864
10.535657698885,1500
10.536461089335,864
10.541340089335,1500
10.541559479633,864
10.541915869924,1500
10.555880744954,864
10.556657134808,944
10.564821315421,1500
10.565040705027,864
10.577893575441,1500
10.594633575441,864
10.600772964003,1500
10.610507736639,864
10.632895718858,1500
10.638676106308,864
10.649032904564,944
10.653502043249,1500
10.664074429963,864
10.666621816581,1500
10.673974365206,864
10.690489242853,1500
10.690708628797,864
10.704378014723,1500
10.704597400269,864
10.704864785807,944
10.715366171295,1500
10.716295556505,864
10.726151556505,1500
10.742144556505,864
10.744953940898,1500
10.760533417419,864
10.767544885497,1500
10.772107269115,864
10.772985652725,944
10.781588677422,1500
10.786718060626,864
10.795404060626,1500
10.796719443548,864
10.805371826232,1500
10.820203826232,864
10.82721026278,1500
10.84263626278,864
10.85553526278,944
10.896264643544,1500
10.919095023051,864
10.930493625233,1500
10.932079004382,864
10.944261603136,1500
10.968264603136,864
10.981109980945,1500
10.989217358531,864
10.996903736092,944
10.997332113462,1500
11.002559490686,864
11.008310244905,1500
11.023315821833,864
11.023708198487,1500
11.037429574716,864
11.04582952678,1500
11.06256952678,864
11.067852465844,944
11.078770216297,1500
11.078989591462,864
11.07970196661,1500
11.090940523166,864
11.105395523166,1500
11.143330523166,864
11.153911896347,1500
11.158825269395,864
11.16020064241,944
11.172376909159,1500
11.188486909159,864
11.204650437159,1500
11.239750437159,864
11.28445929038,1500
11.312744659443,864
11.323698156637,1500
11.328908525289,864
11.344330018111,944
11.344758386365,1500
11.345561754595,864
11.350487980375,1500
11.359460980375,864
11.368985348245,1500
11.396804348245,864
11.407475714921,1500
11.414041860107,864
11.415237226589,944
11.422868593048,1500
11.437442325452,864
11.458775251538,1500
11.467206616729,864
11.475182072861,1500
11.47540143785,864
11.475748802832,1500
11.495224257341,864
11.497410621795,944
11.512243010578,1500
11.513882374625,864
11.514977738649,1500
11.527691671664,864
11.528634318588,1500
11.529410682256,864
11.53259504585,1500
11.54120540936,864
11.545421772575,944
11.561489716467,1500
11.573315716467,864
11.573663079066,1500
11.582362418461,864
11.602415418461,1500
11.605783780288,864
11.613295469112,1500
11.624176469112,864
11.633331830282,944
11.635396453296,1500
11.643820453296,864
11.64421281421,1500
11.658466864506,864
11.677768272305,1500
11.713183272305,864
11.751631877879,1500
11.783813235534,864
11.796713181289,944
11.809192181289,64
11.815932181289,1500
11.852607181289,864
11.852800537371,86
11.852978537371,92
11.853134537371,64
11.861642929677,64
11.861816929677,64
12.647858041614,92
12.648290381434,14
12.661438270788,1500
12.685020207196,864
12.685412546346,1500
12.687511146558,864
12.687912485663,1500
12.700682884096,864
12.701922222948,1500
12.71801536863,864
12.719102707173,944
12.725000760848,1500
12.74669489959,864
12.776692237619,1500
12.798956574747,864
12.805043287683,1500
12.807473624663,864
12.814051117555,1500
12.830359117555,864
12.830991454128,944
12.83169779069,1500
12.834119127207,864
12.847989127207,1500
12.848208463481,864
12.857759573947,1500
12.857978910053,864
12.866541582064,1500
12.885045582064,864
12.887190917672,944
12.897473041083,1500
12.915248041083,864
12.942726041083,1500
12.942945375751,864
12.952978475397,1500
12.954554809871,864
12.955941144333,1500
12.971898144333,864
12.975735559539,944
12.980947559539,1500
12.995653559539,864
13.021021966234,1500
13.032613966234,864
13.048054632319,1500
13.048839965249,864
13.04950729817,1500
13.06766029817,864
13.08809229817,944
13.122495962157,1500
13.124944293877,864
13.129376669608,1500
13.130225001244,864
13.141881001244,1500
13.149495001244,864
13.149869332575,1500
13.153852995162,864
13.165491995162,944
13.165821326245,1500
13.174544766214,864
13.175176097153,1500
13.185957097138,864
13.197170427739,1500
13.211087123119,864
13.213168453476,1500
13.229521453476,864
13.231412113647,944
13.23175044372,1500
13.233827394885,864
13.2356027249,1500
13.249884054754,864
13.263929693499,1500
13.272950022953,864
13.286676022953,1500
13.305117022953,864
13.356403969362,944
13.39953222983,1500
13.404709557367,864
13.405930884888,1500
13.406779212396,864
13.415002679063,1500
13.417038006425,864
13.430365910521,1500
13.442711237523,864
13.445546458784,944
13.45853978574,1500
13.46433411244,864
13.471807359182,1500
13.473698685753,864
13.474339012317,1500
13.474558338876,864
13.491736893207,1500
13.508845893207,864
13.513362086647,944
13.523893086647,1500
13.538923086647,864
13.563776263694,1500
13.56399558904,864
13.576010530821,1500
13.591535530821,864
13.591972855798,1500
13.594044180746,864
13.596293505665,944
13.597574830568,1500
13.608408554211,864
13.608764878967,1500
13.609514203712,864
13.622016203712,1500
13.640527229583,864
13.669406553921,1500
13.702706553921,864
13.718264666584,944
13.728856189827,1500
13.740295189827,864
13.754480189827,1500
13.802243189827,864
13.819133397744,1500
13.819981719858,864
13.824776223325,1500
13.826577545361,864
13.829564867362,944
13.837944867362,1500
13.83816418926,864
13.853530604173,1500
13.869433604173,864
13.871557098492,1500
13.885750098492,864
13.886088419831,1500
13.887098741157,864
13.900106003858,944
13.911147324917,1500
13.911905645958,864
13.924874509046,1500
13.936088509046,864
13.963619366126,1500
14.003840366126,864
14.044089366126,1500
14.081745366126,864
14.082021685301,944
14.097390151555,1500
14.101979470522,864
14.103002789481,1500
14.10566710841,864
14.106086427337,1500
14.110191566468,864
14.126479696713,1500
14.129729015394,864
14.145520334065,944
14.156528334065,1500
14.182410652214,864
14.196298652214,1500
14.216728652214,864
14.255906448216,1500
14.265385765559,864
14.276264337045,1500
14.285768337045,864
14.326810337045,944
14.359652337045,1500
14.362165653494,864
14.369125969882,1500
14.370603286255,864
14.371968602617,1500
14.373418918966,864
14.374122235309,1500
14.3899279966,864
14.400904755767,944
14.434123833819,1500
14.470942833819,864
14.475579149286,1500
14.486741574883,864
14.490264628674,1500
14.499812259272,864
14.506115574488,1500
14.506963889695,864
14.515598938364,944
14.530699253491,1500
14.551721568338,864
14.552798883177,1500
14.567067607594,864
14.567504922318,1500
14.582223329164,864
14.593078329164,1500
14.597292643655,864
14.597897958142,944
14.613017958137,92
14.625704958137,86
14.628780958137,92
14.631843958137,64
14.639640760283,64
14.648768929392,92
14.64996084646,104
14.65066484646,110
14.656903951574,116
14.66028055597,110
14.665607897078,110
14.674018071858,122
14.675820071858,122
14.676821071858,116
14.680630071858,122
14.682216071858,122
14.687676731525,64
14.687981641819,14
14.688091641819,122
14.688346641819,64
14.692659641819,122
14.696095641819,92
14.696339550668,92
14.703743550668,92
14.703960458187,92
14.704273365636,92
14.704640273021,92
14.705151180318,92
14.708902086966,92
14.709304993539,92
14.710379899929,92
14.710569806294,92
14.712649712303,92
14.713238618197,92
14.713722524016,92
14.714188429743,92
14.714528335418,92
14.714655241061,86
15.730308458191,98
15.77120629598,86
15.775144672464,104
15.778600905852,92
15.781382803096,110
15.781918750184,110
15.78314392449,110
15.783793680365,122
15.783984464234,116
15.784978143805,116
15.785924089649,104
15.788963525274,104
15.789603568292,122
15.791737286255,116
15.792032973863,122
15.794453251711,122
15.794608251711,122
15.795811819049,128
15.797179357286,122
15.8013050236,122
15.80183471264,122
15.804530950753,128
15.806202479597,122
15.806500582882,128
15.807571543839,116
15.807877558378,122
15.80929421838,128
15.810496987794,122
15.811843620626,122
15.824829768086,128
15.825055886668,128
15.82702665634,128
15.854894300013,64
16.854894300013,64
17.854894300013,64
18.948017732213,64
19.78038074634,92
19.787026248105,110
19.787772382354,14
19.789699025386,116
19.790380094194,122
19.791164151119,110
19.794852099253,116
19.795974997178,128
19.799066878006,140
19.799574906212,128
19.801388506055,128
19.801548963125,140
19.801992982688,122
19.802355101242,122
19.802760966479,128
19.804524772975,14
19.804878473734,128
19.805068799165,128
19.805869377348,140
19.806290235415,134
19.806422235415,140
19.806847028299,128
19.80714215686,134
19.807433596985,134
19.807668191878,134
19.808199783776,140
19.808373992954,128
19.808838234142,140
19.809415539355,134
19.809561539355,128
19.810294229298,140
19.810484663947,128
19.810875264882,134
19.811520433712,140
19.811935961156,140
19.812063058505,134
19.812623130232,134
19.814416762909,140
19.815641315236,140
19.815795723497,134
19.815950723497,122
19.816118723497,140
19.816839409382,140
19.819216121167,134
19.819838508955,140
19.820218576793,140
19.82081201971,140
19.821859298456,140
19.822468800449,134
19.824868878845,140
19.825356314343,140
19.825735535836,134
19.825948535836,134
19.826599779233,134
19.835331937139,140
19.837769232779,140
19.84098100367,14
19.948017732213,64
20.948017732213,64
21.958884076495,64
22.958884076495,64
22.959364458754,14
22.959660458754,1500
22.969130459317,14
22.976748459317,864
22.996882459317,1500
23.019643459317,864
23.048642459317,1500
23.060531853348,864
23.06091624741,1500
23.07493824741,864
23.075616643222,944
23.084896643222,1500
23.08625804029,864
23.10154943915,1500
23.11569743915,864
23.116383839779,1500
23.117341240539,864
23.119891641581,1500
23.120112042671,864
23.134973042671,944
23.155674042671,1500
23.184348042671,864
23.192392452432,1500
23.20081586323,864
23.20901586323,1500
23.21927586323,864
23.219705276303,1500
23.229857276303,864
23.230107690667,944
23.239621690667,1500
23.245724106939,864
23.254725106939,1500
23.256266524503,864
23.265870524503,1500
23.287128524503,864
23.294726946793,1500
23.311546371181,864
23.319369371181,944
23.322153796862,1500
23.339586796862,864
23.342389225079,1500
23.358004225079,864
23.373854225079,1500
23.407226225079,864
23.407556661497,1500
23.413037098618,864
23.420167098618,944
23.435981098618,1500
23.446981540055,864
23.459924540055,1500
23.460144983174,864
23.464797426871,1500
23.474706426871,864
23.489890426871,1500
23.508206876168,864
23.512258876168,944
23.532797876168,1500
23.559536332129,864
23.560240788172,1500
23.570976245627,864
23.578303245627,1500
23.601118245627,864
23.62208370978,1500
23.63142570978,864
23.633680175475,944
23.635510641399,1500
23.642629641399,864
23.642960108323,1500
23.653382108323,864
23.676603108323,1500
23.705403108323,864
23.715657584944,1500
23.717424061817,864
23.718575538836,944
23.732211538836,1500
23.732971017802,864
23.73835749747,1500
23.74824849747,864
23.75859049747,1500
23.78830849747,864
23.788755983972,1500
23.803128983972,864
23.815748983972,944
23.823530475239,1500
23.836922475239,864
23.848065475239,1500
23.870556475239,864
23.912992475239,1500
23.944213475239,864
23.967668475239,1500
23.97444798749,864
23.980852500642,944
23.988728500642,1500
24.008915500642,864
24.010052017912,1500
24.018404017912,864
24.032895017912,1500
24.070533017912,864
24.101403548218,1500
24.105040079073,864
24.115257079073,944
24.139207079073,1500
24.143953615553,864
24.152351615553,1500
24.153219153378,864
24.161176153378,1500
24.161396692391,864
24.174924692391,1500
24.193500692391,864
24.21586223935,944
24.22720223935,86
24.227434680661,92
24.231257826697,14
24.231535826697,1500
24.235793062384,14
24.24615388209,864
24.252560284897,14
24.264368948895,1500
24.264588442801,864
24.266079936769,1500
24.266923936793,14
24.276241367373,864
24.277255861835,1500
24.283565356529,14
24.284079851298,14
24.284517851307,14
24.287985851384,14
24.288351851392,14
24.288572346366,14
24.291340346366,864
24.291512346431,14
24.292533780647,14
24.299068427212,14
24.299532367296,14
24.301669862808,14
24.302791862833,14
24.30533586289,14
24.306464069162,944
24.311507190409,1500
24.316933686635,864
24.325327183057,14
24.332819183057,1500
24.334658680055,14
24.339078177265,864
24.34166967455,14
24.34947767455,1500
24.357436172402,14
24.3662891726,14
24.367508671064,14
24.367803169562,14
24.368281668077,14
24.369727668077,864
24.399936263305,1500
24.4231337861,864
24.451472764976,944
24.488319764976,1500
24.501694269498,864
24.50312277408,1500
24.518547272462,864
24.518930777762,1500
24.531900750325,864
24.533923787918,1500
24.534143293916,864
24.548031800041,944
24.572008800041,1500
24.581055308181,864
24.582429844097,1500
24.596577844097,864
24.597506336958,1500
24.613940336958,864
24.61585084669,1500
24.62996284669,864
24.630347357086,944
24.639975946443,1500
24.649893946443,864
24.683491946443,1500
24.734989946443,864
24.772727946443,1500
24.793193464407,864
24.810803563494,1500
24.834509563494,864
24.86175960495,944
24.879138126185,1500
24.880112648241,864
24.885192721243,1500
24.894615721243,864
24.903769721243,1500
24.903989244429,864
24.912643905033,1500
24.915470428763,864
24.923117569992,944
24.935826569992,1500
24.967344569992,864
24.967800096204,1500
24.980433138353,864
24.981546665225,1500
24.991382784555,864
25.000508312334,1500
25.014078954467,864
25.014445482915,944
25.021806011483,1500
25.035288011483,864
25.069950597118,1500
25.070170128251,864
25.070589659397,1500
25.088851264092,864
25.090189796184,1500
25.103895531039,864
25.115741531039,944
25.121664064658,1500
25.126133598516,864
25.127648132427,1500
25.139896132489,864
25.147657667368,1500
25.157611667368,864
25.168483203264,1500
25.176130739536,864
25.181073739536,944
25.197704276205,1500
25.228259276205,864
25.232040815206,1500
25.245549815206,864
25.257450073392,1500
25.257669613658,864
25.273166154261,1500
25.295837154261,864
25.338040154261,944
25.355907699377,1500
25.365156245075,864
25.378406009377,1500
25.392563009377,864
25.412212557295,1500
25.428241557295,864
25.441377106069,1500
25.447157655743,864
25.455771865713,944
25.459148415978,1500
25.468884966742,864
25.475768195966,1500
25.477299747153,864
25.487622963525,1500
25.48860651528,864
25.489283067061,1500
25.492673415016,864
25.493979967016,944
25.504611447857,104
25.504690447857,104
25.504832447857,104
25.504965447857,104
25.505147447857,110
25.505230447857,116
25.505439447857,110
25.505648447857,122
25.505785447857,110
25.506054310516,116
25.506227310516,116
25.506436310516,116
25.506645310516,122
25.506741066887,14
25.506869066887,122
25.507024066887,116
25.507233066887,116
25.507424066887,122
25.507507066887,116
25.507694929262,122
25.507777929262,122
25.507851929262,122
25.508030791578,122
25.508140791578,116
25.508610085557,1500
25.510244486612,864
25.518618405346,1500
25.524841549731,14
25.533878705526,14
25.534163705552,14
25.539739705552,864
25.564285470752,14
25.573298470752,1500
25.581121027185,864
25.593380729727,1500
25.594373286833,864
25.60183799244,944
25.609773474004,14
25.610013248846,14
25.610262023731,14
25.611180023814,14
25.61536802419,14
25.61570002419,1500
25.616862024324,14
25.617888024417,14
25.62840426977,14
25.637188270561,14
25.637437050336,14
25.639234050498,14
25.644713831462,14
25.649326831462,864
25.650222391386,1500
25.655377642473,14
25.65556364249,14
25.65752164249,864
25.660564678197,14
25.661260238711,1500
25.673877234555,14
25.675467234527,14
25.677339792985,864
25.680596354487,1500
25.685276611158,864
25.686188337387,944
25.694496899204,122
25.694665899204,92
25.694882653855,92
25.697036618319,92
25.697226372886,92
25.698514881942,92
25.698989636445,92
25.699518390932,92
25.699957145401,92
25.700209899866,92
25.703700655461,92
25.70431940977,92
25.716008255799,92
25.716519009663,92
25.717443763511,92
25.718897803774,92
25.719529807346,1500
25.720554561098,864
25.734374233737,1500
25.734589986999,864
25.737473740125,92
25.737778740125,1500
25.74835976001,864
25.752511223941,14
25.756009912296,1500
25.769186366212,864
25.809297355023,1500
25.812802917402,864
25.813241729156,1500
25.819524292506,864
25.831784292506,944
25.843533400967,1500
25.861207423738,864
25.873664423738,1500
25.916553197677,864
25.919918433693,14
25.934558744268,14
25.936248860666,14
25.940965249478,14
25.943158297968,14
25.943530297962,14
25.951346272395,1500
25.993338747829,864
25.999618615683,1500
26.0131040359,864
26.022340183182,944
26.032640066187,1500
26.034568919286,864
26.047848831021,1500
26.061352471454,864
26.076197000781,1500
26.09377103985,864
26.10425703985,1500
26.105978906509,864
26.115133906509,944
26.117666775372,1500
26.131462646897,864
26.141696646897,1500
26.150723646897,864
26.183880646897,1500
26.209584533428,864
26.223787533428,1500
26.225671423066,864
26.236365423066,944
26.237208314902,1500
26.245812314902,864
26.255362314902,1500
26.296402314902,864
26.337506314902,1500
26.371949314902,864
26.408166314902,1500
26.432448244971,864
26.444393244971,944
26.466966244971,1500
26.495874244971,864
26.534485244971,1500
26.564770244971,864
26.601977244971,1500
26.647508244971,864
26.677902244971,1500
26.678123224268,864
26.687683224268,944
26.704253224268,1500
26.748533224268,864
26.790287390948,1500
26.823740390948,864
26.853261390948,1500
26.879046390948,864
26.919781390948,1500
26.966969213076,864
27.01068953231,944
27.011092580327,1500
27.022850629198,864
27.044376017717,1500
27.072026840783,864
27.077772795213,14
27.081858795253,1500
27.083337858521,864
27.084668922041,1500
27.088413986383,864
27.094693943532,14
27.102105943714,944
27.103488011224,1500
27.11679708093,864
27.11712815134,1500
27.119857222342,864
27.132134295935,1500
27.143501259094,14
27.146152259094,864
27.159232336938,1500
27.159453416358,864
27.167915416358,944
27.182010416358,1500
27.20642570229,14
27.224075702394,864
27.241242799259,1500
27.250710799259,864
27.269800799259,1500
27.308887799259,864
27.318115912705,1500
27.329257912705,864
27.3340790296,944
27.3450810296,122
27.3451820296,122
27.3453280296,116
27.34554114904,14
27.34565114904,116
27.34581514904,116
27.34593414904,122
27.34608914904,116
27.34621714904,122
27.3463202686,14
27.3464032686,122
27.3465672686,116
27.3466502686,122
27.3467602686,122
27.3468972686,122
27.3470522686,122
27.3471442686,122
27.3472362686,122
27.3474272686,122
27.3477142686,1500
27.356380998044,14
27.359184998044,864
27.359651120465,1500
27.370586120465,864
27.392179245636,1500
27.429061245636,864
27.460229245636,1500
27.477186393749,864
27.481039542704,944
27.494476542704,86
27.494808542704,1500
27.509784542704,864
27.521953542704,1500
27.551320707137,864
27.559241707137,1500
27.568115707137,864
27.610155707137,1500
27.620804886964,864
27.633046886964,944
27.640984886964,86
27.647786886964,92
27.649053886964,104
27.65651961541,104
27.661413628625,110
27.662222628625,1500
27.662443817723,864
27.67044399929,1500
27.676397663009,14
27.680146410398,14
27.684746503761,864
27.686251158007,14
27.689106961897,14
27.689256961892,14
27.689766961872,14
27.702002007999,14
27.719501056268,14
27.720193056268,1500
27.746619162632,14
27.76532814334,864
27.766356886286,14
27.774075804572,14
27.785064176107,1500
27.798537176107,864
27.814775176107,944
27.837285404482,1500
27.852243404482,864
27.872071404482,1500
27.891288645141,864
27.893722886323,1500
27.904720886323,864
27.909167886323,1500
27.944825886323,864
27.971692886323,944
27.985790148576,104
27.985954148576,110
27.986091148576,116
27.986251148576,98
27.986361148576,110
27.986552148576,116
27.986844841293,122
27.987026841293,110
27.987109841293,122
27.987273841293,116
27.987381951586,116
27.987464951586,110
27.987629951586,64
27.987737253162,116
27.987811253162,122
27.987993253162,122
27.988079710544,122
27.988279710544,122
27.988407710544,122
27.988716403377,1500
27.991377104804,864
27.992355368571,14
28.009642301825,1500
28.009858003052,864
28.011539590255,1500
28.012474291454,864
28.014957824142,1500
28.015173525312,864
28.023760388682,1500
28.036678089625,864
28.037603655859,944
28.039526038418,1500
28.040769440228,864
28.041185141125,1500
28.041400842019,864
28.04177154291,1500
28.043470359086,864
28.043895059955,1500
28.044685760815,864
28.05781049599,1500
28.059824196695,864
28.062221578107,1500
28.064172278768,864
28.075871724457,98
28.076004724457,92
28.076106724457,64
28.076293724457,86
28.076607724457,1500
28.076821788288,864
28.0771638521,1500
28.077377915892,864
28.077836979666,1500
28.078051043411,864
28.078465107138,1500
28.078679170839,864
28.078968234523,944
28.079292298187,1500
28.07950636183,864
28.079875425456,1500
28.080089489059,864
28.080913552609,1500
28.08112761614,864
28.082676679576,1500
28.085101742831,864
28.086442869205,944
28.086820932349,1500
28.087034995469,864
28.087940058539,1500
28.08874712154,864
28.090188184452,1500
28.090402247338,864
28.090762310206,1500
28.090976373053,864
28.091274435881,944
28.093154561347,92
28.093468561347,1500
28.093682624006,864
28.094024686646,1500
28.095667749167,864
28.096919811609,1500
28.097133874028,864
28.097614936411,92
28.097982936411,1500
28.099374287167,864
28.101709576085,1500
28.119096622198,864
28.140523682472,1500
28.14074498049,864
28.15082598049,1500
28.159716341411,864
28.170898399358,944
28.196505280433,1500
28.23597901911,864
28.273402261278,1500
28.31966839806,864
28.347424592267,1500
28.394360876761,864
28.444900090796,1500
28.493677546524,864
28.504854723665,944
28.517445759171,86
28.529235881938,92
28.534830282287,116
28.542426035005,116
28.547303068156,122
28.552381068156,116
28.559857208216,122
28.563784240344,116
28.565721240344,122
28.570286240344,122
28.575707214729,1500
28.578206245803,864
28.578548276862,1500
28.581144307758,864
28.581986338609,1500
28.582200369441,864
28.583033400226,1500
28.583247430994,864
28.583928461725,944
28.584324492436,1500
28.585805523048,864
28.586147553644,1500
28.588024584121,864
28.588348614582,1500
28.589344644978,864
28.593826705335,1500
28.594786735401,864
28.595048765452,944
28.595195795487,122
28.595314795487,122
28.595655795487,1500
28.596453825453,864
28.597525855358,1500
28.597739885246,864
28.598072915118,1500
28.599014944928,864
28.599446974723,1500
28.599661004495,864
28.600315034226,944
28.600639063943,1500
28.60141142498,864
28.60242178587,1500
28.602635815462,864
28.602977845037,1500
28.603191874595,864
28.603578904137,1500
28.604888933593,864
28.605248963032,1500
28.606127992412,864
28.606515021777,1500
28.607888051051,864
28.60832008031,1500
28.608534109545,864
28.608749138764,98
28.608906835508,122
28.609025835508,122
28.609216835508,122
28.609371835508,122
28.609499835508,122
28.609867835508,1500
28.630871836869,864
28.633016279313,1500
28.648168496215,864
28.666338537436,1500
28.672219961576,864
28.673069385894,1500
28.675942810936,864
28.684042835798,944
28.700156860058,122
28.705539854024,1500
28.735971898266,864
28.752830940933,1500
28.795803069991,864
28.834669298374,1500
28.870464389291,864
28.914895706702,1500
28.915117190213,864
28.931571721895,944
28.932818209776,86
28.933005209776,92
28.933079209776,110
28.933262209776,64
28.933526519342,14
28.933813519342,1500
28.936366839009,14
28.937616147965,864
28.938423456869,1500
28.941138352785,864
28.941526661158,1500
28.944884804021,864
28.94617411167,1500
28.948467428805,864
28.94877573605,944
28.968490817068,1500
28.969281121148,864
28.970088425121,1500
28.970303729043,864
28.971830336633,1500
28.972045640287,864
28.975828943374,1500
28.976044246413,864
28.977548557447,944
28.978367860159,1500
28.979814162617,864
28.980139465036,1500
28.991267144253,864
28.99227108115,1500
29.006166827957,864
29.013683492507,14
29.01589988132,1500
29.016645178114,864
29.017210474821,944
29.017580771489,1500
29.019180067894,864
29.019514364259,1500
29.040341218035,864
29.060532076662,1500
29.078747060006,864
29.080753349811,1500
29.081741636611,864
29.089298503366,944
29.089650788968,1500
29.089866074522,864
29.090857157973,1500
29.091072443342,864
29.091523728671,1500
29.091739013937,864
29.096309946483,1500
29.100207514621,864
29.100835798498,944
29.105232880659,1500
29.106895163603,864
29.108301446358,1500
29.109298728934,864
29.12267529103,1500
29.127944650843,864
29.129314930382,1500
29.130204209754,864
29.130760489041,944
29.131902768169,1500
29.132118047249,864
29.144477121486,1500
29.14469239864,864
29.145338476493,1500
29.146991753295,864
29.147380030058,1500
29.148224306672,864
29.148762583205,944
29.149341859629,122
29.149700859629,1500
29.153226411632,864
29.174143161287,1500
29.17647864225,864
29.176902914503,1500
29.177118186697,864
29.177569458852,1500
29.177784730944,864
29.182537002315,944
29.183487273466,122
29.183683273466,92
29.183843273466,104
29.184007273466,122
29.184695268786,14
29.185027268786,1500
29.193416092795,864
29.209954931354,1500
29.229813869303,864
29.230772643215,1500
29.243963807622,864
29.257263944139,1500
29.32113045972,864
29.329845315811,944
29.330543096586,1500
29.338356868222,864
29.348236338354,1500
29.358831156716,864
29.359971939508,1500
29.383163540858,864
29.40954854088,1500
29.447812194332,864
29.482262149159,944
29.49821511624,1500
29.519574628087,864
29.560070569746,1500
29.560290366413,864
29.565754098607,1500
29.568103895818,864
29.594767241204,1500
29.608097459995,864
29.660765155889,944
29.717374297872,1500
29.77379491131,864
29.825686185166,1500
29.868361027785,864
29.873254846465,1500
29.874103665215,864
29.881406928255,14
29.887276724122,14
29.888785724207,14
29.893397083137,1500
29.909946023517,864
29.921276790144,14
29.949719150186,944
29.963177975271,1500
29.976622975288,864
29.980939203662,1500
29.997436203662,864
30.017575537845,1500
30.047761537845,864
30.073403891053,1500
30.073623724073,864
30.09033265426,944
30.09566048887,92
30.095912191284,92
30.096054191284,86
30.096467191284,1500
30.100181503025,864
30.106940253367,14
30.107171253398,14
30.114980080856,1500
30.116735288903,864
30.127150740022,1500
30.128932014104,864
30.129804329208,1500
30.146011964096,864
30.146786281145,944
30.147553598265,1500
30.161210936306,14
30.162763936306,864
30.1679159398,1500
30.168133259291,864
30.170031898514,1500
30.180984962153,864
30.19829914688,1500
30.198516469843,864
30.199646792928,944
30.21128418596,1500
30.230223164386,864
30.259977998607,1500
30.285726998607,864
30.295167332638,1500
30.296480666829,864
30.297690001178,1500
30.313321487425,864
30.325303412815,944
30.358352882136,1500
30.373238882136,864
30.386789513016,1500
30.387006857625,864
30.387915202317,1500
30.403687358872,864
30.40502101475,1500
30.421735679488,864
30.446348870144,944
30.45993757471,110
30.46011057471,122
30.46020257471,116
30.46028557471,122
30.46047657471,122
30.46065857471,116
30.46084957471,116
30.461037282171,122
30.461129282171,122
30.461524282171,1500
30.461741635412,864
30.462469988722,1500
30.465331444127,864
30.467864125076,1500
30.468827479137,864
30.482787141046,1500
30.490527678551,864
30.491715035194,944
30.492060391935,1500
30.494254748979,864
30.494681106015,1500
30.500442253065,864
30.501137610827,1500
30.514836052905,14
30.51558276124,14
30.51569676124,14
30.51594576124,864
30.526526724307,1500
30.550869342027,864
30.563978402104,944
30.564396500415,104
30.564533500415,110
30.564738500415,104
30.565304500433,1500
30.57938228746,864
30.594571463812,1500
30.616117240066,864
30.628080171112,1500
30.638871171112,864
30.656523764096,1500
30.675723683216,14
30.707443062188,864
30.740629024334,944
30.746726024334,110
30.746917024334,110
30.747036024334,116
30.747155024334,110
30.747346024334,116
30.747483024334,116
30.747831023993,122
30.747914023993,122
30.747997023993,122
30.748392023993,1500
30.749317410705,14
30.75874309678,14
30.759270317303,14
30.760595298755,864
30.762129686961,1500
30.769966342506,14
30.770637731712,14
30.771246731748,14
30.772044731795,14
30.780199391011,864
30.790138092087,14
30.790338483631,14
30.791376875194,1500
30.800457267905,864
30.809543661094,1500
30.814043449347,864
30.818990862402,944
30.827076257759,92
30.827245257759,92
30.827586257759,1500
30.833349971836,864
30.833729685918,1500
30.833945400007,864
30.83665605264,1500
30.83904704197,14
30.839621756171,864
30.840942993868,1500
30.841158708099,864
30.856364968959,14
30.857207103157,944
30.85790981772,1500
30.858317987693,14
30.858989063913,14
30.865905918214,864
30.866357632946,1500
30.867822347711,864
30.868603062488,1500
30.885400213099,14
30.889023289617,864
30.889916692854,14
30.891373408094,1500
30.892227123353,864
30.907695899125,944
30.908147614707,1500
30.908920330308,864
30.909345045914,1500
30.928058043084,864
30.928401759086,1500
30.929309475109,864
30.9401241912,1500
30.941013907467,864
30.943632623787,944
30.945516141145,116
30.945626141145,116
30.945763141145,116
30.945918141145,122
30.946175044859,122
30.946285044859,122
30.946458044859,122
30.946613044859,116
30.946732044859,122
30.946842044859,122
30.946961044859,122
30.947071044859,122
30.947385044859,1500
30.950535807458,864
30.951367747468,1500
30.952158463969,864
30.952574180475,1500
30.953481897004,864
30.955880996538,1500
30.958594047746,864
30.961595764444,944
30.962931421014,1500
30.963148832883,864
30.963602244783,1500
30.973039989053,864
30.988346234513,1500
30.991778367056,864
30.994177782578,1500
30.994395198141,864
31.006450937516,944
31.007627072323,86
31.007836072323,122
31.007919072323,122
31.008020072323,122
31.008220072323,122
31.008507072323,1500
31.018097608461,864
31.024587027008,1500
31.02480444617,864
31.045174333438,1500
31.046937755223,864
31.059674196807,1500
31.060493620199,864
31.060813043623,944
31.074978460985,86
31.075147460985,104
31.075293460985,110
31.075462460985,104
31.075671460985,116
31.076349180171,110
31.076423180171,116
31.076551180171,122
31.076688180171,122
31.076780180171,116
31.076953180171,110
31.077321180171,1500
31.095078275719,864
31.10685680839,1500
31.131273143104,864
31.132055574984,1500
31.141326440438,864
31.149312168789,1500
31.162213471556,14
31.175106489871,864
31.197686677146,14
31.199286702502,14
31.208615702502,944
31.214673905963,14
31.23879942633,110
31.23898142633,116
31.23905542633,116
31.23912942633,122
31.23931142633,122
31.23963442633,1500
31.242863871434,864
31.252047787192,14
31.259960510555,1500
31.263074120227,14
31.270608587963,864
31.280146185248,1500
31.28100920678,14
31.283231635179,864
31.283577085141,1500
31.287098985642,864
31.288453235702,14
31.298855914769,944
31.299280366634,86
31.299453366634,116
31.299563366634,122
31.299664366634,122
31.299855366634,122
31.299983366634,122
31.300165366634,122
31.300343366634,92
31.300756366634,1500
31.300978387214,864
31.316016493281,1500
31.335951672994,864
31.377252897997,14
31.380201897994,1500
31.40926433658,14
31.423191605722,864
31.423631620584,1500
31.425174635366,864
31.425708570679,14
31.433928608554,944
31.451695608554,1500
31.483969608554,864
31.527512758249,1500
31.529252002509,14
31.565086525631,864
31.584320525631,1500
31.617125525631,864
31.660938525631,1500
31.693815525631,864
31.734857525631,944
31.752753525631,122
31.761833525631,1500
31.765330524567,864
31.772370523183,1500
31.773239521751,864
31.782096521751,1500
31.801050521751,864
31.827223521751,1500
31.841401517149,864
31.853436517149,944
31.854054511953,104
31.854178511953,104
31.854261511953,110
31.854557511953,1500
31.861263506429,864
31.872833466089,14
31.876103791486,1500
31.87775066578,864
31.880572178832,14
31.881257172381,14
31.886265172381,1500
31.906652165177,14
31.907477165177,864
31.926980164705,14
31.932737164572,14
31.936154164492,14
31.93796016445,14
31.94449816445,1500
31.97859016445,864
32.00709516445,944
32.04134416445,116
32.04318216445,122
32.051337449213,116
32.054719568843,122
32.059283077208,98
32.063232077208,92
32.064968077208,1500
32.068553119079,14
32.076910007832,14
32.07798321344,14
32.079194520974,14
32.084754063733,14
32.088318546721,864
32.100149026007,1500
32.100366575277,864
32.101856332759,1500
32.113926197567,864
32.115211487927,1500
32.116858039233,864
32.130266334804,944
32.131356887892,1500
32.149138633129,864
32.166307938268,1500
32.18345570507,14
32.185378705189,14
32.185510705197,14
32.192969742085,864
32.201909336864,14
32.202623336909,14
32.206000088017,1500
32.227987906093,864
32.239328240166,1500
32.248341992596,864
32.249619299606,944
32.267603839045,1500
32.277386839045,864
32.277759410267,1500
32.287074410267,864
32.288005443144,1500
32.289886015886,864
32.294193622522,1500
32.295040195904,864
32.295814769373,944
32.296069342884,86
32.296211342884,92
32.296366342884,122
32.296440342884,122
32.296586342884,122
32.296786342884,116
32.296995342884,122
32.297087342884,116
32.297383342884,1500
32.311952452767,864
32.317896316841,1500
32.332835111996,864
32.338124185562,1500
32.391872916619,864
32.415411370985,14
32.416149153187,14
32.432948451107,1500
32.468637760147,864
32.506340760147,944
32.540172760147,1500
32.544605722965,864
32.553971685359,1500
32.569163685359,864
32.582592685359,1500
32.628861685359,864
32.629283644275,1500
32.643026644275,864
32.660785644275,944
32.694899644275,122
32.703916644275,1500
32.739664644275,864
32.763776644275,1500
32.771628596621,864
32.775607548789,1500
32.786587548789,864
32.788293500375,1500
32.79030445186,864
32.80142145186,944
32.802461402784,86
32.802585402784,104
32.802749402784,110
32.802846402784,98
32.803047350812,110
32.803157350812,116
32.803240350812,122
32.803714987973,1500
32.804485936032,864
32.805147884104,1500
32.805361832183,864
32.80629678027,1500
32.807148728391,864
32.807517676519,1500
32.808513624672,864
32.809914809267,944
32.810030757459,98
32.810361551086,122
32.810901499292,122
32.811092499292,116
32.811166499292,122
32.811357499292,122
32.811458499292,122
32.811568499292,116
32.811660499292,122
32.811757499292,98
32.812090447529,1500
32.81305039579,864
32.813793344064,1500
32.814007292347,864
32.814358240635,1500
32.815562137252,864
32.815931085578,1500
32.816747033925,864
32.817089982279,944
32.818268860737,98
32.818700809128,1500
32.819498757541,864
32.820385705969,1500
32.820599654408,864
32.82133360286,1500
32.821547551321,864
32.821997499789,1500
32.822211448266,864
32.823000396762,944
32.823143345264,104
32.823348345264,98
32.823548345264,110
32.823708345264,104
32.823872345264,116
32.823964345264,122
32.824411874321,1500
32.824625822856,864
32.825133614205,1500
32.825347562756,864
32.82642220271,1500
32.827274151307,864
32.827625099911,1500
32.829376048558,864
32.829978398088,944
32.830651589383,110
32.830752589383,110
32.831373928106,110
32.83176987681,122
32.83191587681,122
32.83208887681,122
32.83221687681,116
32.83231787681,122
32.83240987681,116
32.83258287681,110
32.83278287681,116
32.83285687681,122
32.833252825549,122
32.833434825549,122
32.833829825549,1500
32.83636689976,864
32.845576867935,1500
32.847775418458,864
32.848173193745,1500
32.851013468142,864
32.859265758776,1500
32.862179871963,864
32.862709647851,944
32.873358493397,104
32.873464493397,92
32.873628493397,122
32.874014269741,122
32.874214269741,122
32.874895915886,122
32.874969915886,116
32.875061915886,116
32.875171915886,122
32.875317915886,122
32.875400915886,110
32.875519915886,122
32.875665915886,122
32.875829915886,116
32.875912915886,122
32.876298915886,1500
32.876513664325,864
32.87686541273,1500
32.877080161096,864
32.877449909429,1500
32.878437657622,864
32.88088815355,1500
32.881102901401,864
32.881410649218,944
32.882039396937,92
32.999065900742,116
33.449796021612,116
33.451784471295,122
33.452607107974,116
33.456726706182,122
33.460048984216,122
33.460178678575,14
33.460537678575,1500
33.474746646408,864
33.495892028474,1500
33.496113947546,864
33.50631591678,1500
33.52477288677,864
33.561856235768,1500
33.599750092746,864
33.600083007066,944
33.607474968497,14
33.60966549471,1500
33.61294645265,14
33.632279936379,864
33.661134936379,1500
33.668494300918,14
33.701084300918,864
33.717267209886,1500
33.719035118766,864
33.721416027542,1500
33.722329936272,864
33.732870936272,944
33.752644936272,1500
33.767776842926,864
33.785030842926,1500
33.785252748784,864
33.786201654606,1500
33.794221560054,864
33.802700560054,1500
33.824786560054,864
33.825128464094,944
33.82660136807,1500
33.83741936807,864
33.84230327133,1500
33.85717127133,864
33.87234627133,1500
33.91093827133,864
33.95307727133,1500
33.973499168602,864
33.981529168602,944
33.992240168602,1500
34.014020168602,864
34.066716168602,1500
34.104336168602,864
34.134388168602,1500
34.156854057528,864
34.171741057528,1500
34.191865057528,864
34.21898894363,944
34.225813829426,1500
34.242436829426,864
34.254470829426,1500
34.284881829426,864
34.297958711942,1500
34.306307202359,864
34.320636202359,1500
34.350840202359,864
34.377950202359,944
34.405600079995,1500
34.417669079995,864
34.432052079995,1500
34.477430079995,864
34.517067079995,1500
34.517288952557,864
34.530915952557,1500
34.539979824091,864
34.548324824091,944
34.560682824091,1500
34.608706824091,864
34.647065824091,1500
34.672589824091,864
34.690906688799,1500
34.703047688799,864
34.710590688799,1500
34.710812552599,864
34.716642416135,944
34.724644416135,1500
34.739818416135,864
34.747720278273,1500
34.756504278273,864
34.766594278273,1500
34.788959278273,864
34.805560137795,1500
34.821022137795,864
34.832031137795,944
34.839330995779,122
34.839476995779,122
34.839640995779,122
34.839836995779,104
34.83997885373,14
34.84011585373,122
34.84022585373,122
34.84033585373,110
34.84040985373,116
34.84058785373,98
34.84069785373,110
34.84090685373,122
34.84098085373,116
34.84128585373,1500
34.842901890178,864
34.843680926668,1500
34.844478963214,864
34.844847999777,1500
34.84506203636,864
34.845769072962,1500
34.848675824935,864
34.84905486176,944
34.85468475985,14
34.854870759846,14
34.8594268346,1500
34.860411060822,864
34.865933756216,1500
34.872902917294,14
34.879611678303,14
34.884305678303,864
34.886253945992,1500
34.90167333277,864
34.903854562974,1500
34.914970559812,864
34.915831791078,944
34.927916847854,92
34.928103847854,92
34.928444847854,1500
34.945841378235,864
34.947787009702,1500
34.962715968078,864
34.976345185621,14
34.977593148952,14
34.98183876655,1500
34.986671857215,14
34.988274822187,14
34.98843074546,14
34.991709745681,14
34.995096683581,864
35.001279787217,14
35.001948787262,14
35.002845787323,14
35.00354474999,14
35.007588291245,14
35.009415033103,1500
35.012558448142,14
35.026754559312,864
35.055727750759,14
35.062009750759,944
35.07051475176,14
35.08899968616,1500
35.12410868616,864
35.15747268616,1500
35.19157368616,864
35.23992268616,1500
35.26829968616,864
35.28907268616,1500
35.289294523866,864
35.303705523866,944
35.324550523866,1500
35.352846523866,864
35.368718358008,1500
35.370252192074,864
35.382043192074,1500
35.398936192074,864
35.433956192074,1500
35.462423192074,864
35.508307192074,944
35.550905192074,1500
35.590136192074,864
35.620269192074,1500
35.636093014208,864
35.651727014208,1500
35.65194883563,864
35.657615656806,1500
35.658493477936,864
35.660920298958,944
35.674062119396,1500
35.686455119396,864
35.707012119396,1500
35.715034937992,864
35.71638975653,1500
35.721790574824,864
35.737478574824,1500
35.73826639238,864
35.74981539238,944
35.76204739238,1500
35.79157639238,864
35.83476839238,1500
35.839912205386,864
35.84141501833,1500
35.85597701833,864
35.856862830583,1500
35.858693642749,864
35.862939454727,944
35.877736454727,1500
35.880672265911,864
35.881982077043,1500
35.883524888099,864
35.888016888099,1500
35.891061698817,864
35.892740509468,1500
35.907050509468,864
35.920597509468,944
35.951261509468,1500
35.977496509468,864
35.998125509468,1500
36.036708509468,864
36.062314509468,1500
36.096487509468,864
36.126647509468,1500
36.156527509468,864
36.18338130714,944
36.184009104784,1500
36.197266104784,864
36.198061901802,1500
36.211651901802,864
36.231830901802,1500
36.260846696018,864
36.267903696018,1500
36.277254696018,864
36.290647488909,944
36.298307488909,1500
36.316100280665,864
36.322514072143,1500
36.339389072143,864
36.354888072143,1500
36.357709862047,864
36.367394862047,1500
36.385376862047,864
36.415645862047,944
36.416507649341,1500
36.431123649341,864
36.442023649341,1500
36.467709649341,864
36.511432649341,1500
36.534499649341,864
36.534966431373,1500
36.535979213351,864
36.537820995249,944
36.544520995249,122
36.544621995249,122
36.545025995249,1500
36.547998776693,864
36.556117776693,1500
36.559180557641,864
36.569981557641,1500
36.584930557641,864
36.601086336737,1500
36.621453114921,864
36.638114114921,944
36.649346114921,86
36.652273114921,122
36.657333114921,110
36.659050499734,110
36.65925286239,14
36.668191081451,116
36.670358220132,14
36.671012779827,14
36.677585402418,116
36.678285143983,14
36.68521971378,122
36.68774589377,122
36.69639689377,122
36.70433289377,104
36.713127673915,122
36.715402160684,14
36.71800234348,122
36.719484717347,14
36.720316717388,14
36.720943717419,14
36.722308739501,116
36.724541326357,14
36.730744920273,122
36.732180548098,14
36.73231195284,14
36.732632952856,14
36.733131449342,14
36.735550007134,122
36.735849007134,122
36.743616337043,116
36.752491679909,1500
36.784986989158,864
36.786315161106,1500
36.787306333215,864
36.789586302227,1500
36.799091476636,864
36.810650445503,1500
36.810868620944,864
36.811188796422,944
36.811950972034,122
36.812660972054,122
36.812842972054,122
36.812943972054,122
36.813089972054,122
36.813204972054,92
36.813382972054,92
36.813660972054,1500
36.821058780886,14
36.827114520709,864
36.835369715782,14
36.835690715795,14
36.836827715839,14
36.842051969378,14
36.847014777694,14
36.848237777694,1500
36.84970115261,14
36.850586152645,14
36.852016567556,14
36.860120072746,14
36.860765072771,14
36.882065725666,864
36.884108217682,1500
36.898661217682,864
36.913553103337,1500
36.943322498516,864
36.967617353057,944
36.975268353057,1500
36.977214782084,864
36.980585211431,1500
36.997601953548,864
36.999774384807,1500
37.000533816158,864
37.015267816158,1500
37.030642978361,864
37.062522978361,944
37.071141416749,1500
37.082715416749,864
37.101688416749,1500
37.139695416749,864
37.178090416749,1500
37.210445416749,864
37.246815416749,1500
37.276164416749,864
37.315208416749,944
37.336530416749,1500
37.365456416749,864
37.402402416749,1500
37.435063416749,864
37.468040416749,1500
37.511222416749,864
37.547709416749,1500
37.587453416749,864
37.612367416749,944
37.644795416749,1500
37.686699416749,864
37.730431416749,1500
37.771183416749,864
37.792730416749,1500
37.823231416749,864
37.868619416749,1500
37.897509416749,864
37.934726416749,944
37.973634416749,1500
38.012775416749,864
38.034232416749,1500
38.067658416749,864
38.104874416749,1500
38.139749416749,864
38.169009416749,1500
38.206944416749,864
38.242244416749,944
38.280648416749,1500
38.308431416749,864
38.348005416749,1500
38.383249416749,864
38.410466416749,1500
38.447978416749,864
38.479794416749,1500
38.517450416749,864
38.556017416749,944
38.583360416749,1500
38.613411416749,864
38.654146416749,1500
38.688823416749,864
38.723384416749,1500
38.760230416749,864
38.789346416749,1500
38.819730416749,864
38.853851416749,944
38.903910416749,1500
38.937696416749,864
38.976766416749,1500
39.021874416749,864
39.051476416749,1500
39.086477416749,864
39.121902416749,1500
39.152934416749,864
39.182834416749,944
39.222561416749,1500
39.252639416749,864
39.287857416749,1500
39.316378416749,864
39.362855416749,1500
39.404876416749,864
39.435162416749,1500
39.464196416749,864
39.488417416749,944
39.513420416749,1500
39.544821416749,864
39.588319416749,1500
39.625858416749,864
39.656630416749,1500
39.686948385922,864
39.723400427623,1500
39.762874427623,864
39.809811427623,944
39.853768427623,1500
39.890371427623,864
39.907031427623,1500
39.949475427623,864
39.996312427623,1500
40.036497427623,864
40.060879427623,1500
40.100047427623,864
40.138056427623,944
40.181455427623,1500
40.219120427623,864
40.253582427623,1500
40.284218427623,864
40.316700427623,1500
40.363473427623,864
40.395091427623,1500
40.438543427623,864
40.463160427623,944
40.499224427623,1500
40.540489427623,864
40.566869427623,1500
40.604399427623,864
40.644864427623,1500
40.687380427623,864
40.721617427623,1500
40.754530427623,864
40.790577427623,944
40.822411427623,1500
40.854316427623,864
40.879634427623,1500
40.919999427623,864
40.951581427623,1500
40.998075427623,864
41.028667427623,1500
41.059474427623,864
41.093496427623,944
41.134897427623,1500
41.167090427623,864
41.196506427623,122
41.204824427623,116
41.206034007227,14
41.206927007227,122
41.214309007227,116
41.21550958643,14
41.216572165604,122
41.223967825397,116
41.22840266364,1500
41.26366118338,864
41.28324618338,1500
41.31867018338,864
41.36125018338,1500
41.39046418338,864
41.42578018338,92
41.46789718338,92
41.50159918338,92
41.53353718338,92
41.57695918338,104
41.58149318338,104
41.582150747121,14
41.58891607277,110
41.592009898444,116
41.598203207323,1500
41.607362605373,864
41.612387112978,1500
41.615195064647,864
41.615530540611,1500
41.630368793751,864
41.631033271465,1500
41.631952749319,864
41.641427481623,944
41.641908960589,110
41.642063960589,116
41.642272960589,122
41.642364960589,122
41.642555960589,122
41.642923960589,1500
41.652358367768,14
41.655756367768,864
41.658698695365,1500
41.659589176317,864
41.662292583556,14
41.667588912426,98
41.667739912426,92
41.667845912426,92
41.668063394349,92
41.66852087632,92
41.669659358423,92
41.669858840551,92
41.67190032292,92
41.672579805361,92
41.674145626831,92
41.674630109506,92
41.67989751177,14
41.680243071382,14
41.680732072532,14
41.686184934728,92
41.686384418728,92
41.697584985527,92
41.698819470946,92
41.710420957202,92
41.712608930984,92
41.713156418015,92
41.713337905074,92
41.714467392253,92
41.71508787949,1500
41.718956784321,864
41.728347140395,1500
41.750877119686,864
41.799544222984,1500
41.799763140347,864
41.812274764788,1500
41.838746202744,864
41.839103126199,944
41.849245020566,92
41.849414020566,92
41.849791020566,1500
41.857802026832,864
41.85899382637,1500
41.86855182637,864
41.886839837313,1500
41.904801940023,864
41.914414940023,1500
41.916748489719,864
41.924276287316,14
41.924493798476,14
41.925449309703,14
41.926389821039,14
41.929868821039,944
41.932042370099,1500
41.933057773459,14
41.942388883087,14
41.942721396333,14
41.943555261677,14
41.946777261862,14
41.947178775616,14
41.948266519646,864
41.951531582173,14
41.956179987847,14
41.956406502671,14
41.961267522925,14
41.965655561167,1500
41.971623302854,14
41.972016302877,14
41.972697302916,14
41.993110849415,864
41.994136395875,1500
42.010255395875,864
42.031901395875,1500
42.071969395875,864
42.105316395875,944
42.130888936619,1500
42.145900936619,864
42.167276936619,1500
42.193529936619,864
42.220521936619,1500
42.220743473604,864
42.235369473604,1500
42.255997473604,864
42.274575473604,944
42.287738007802,1500
42.28849854196,864
42.29618554196,1500
42.31242154196,864
42.33026054196,1500
42.38204654196,864
42.42227754196,1500
42.46115754196,864
42.48300254196,944
42.52182054196,1500
42.54760554196,864
42.58575754196,1500
42.62675254196,864
42.647953061161,1500
42.666654579582,864
42.667432097976,1500
42.678354233483,14
42.678506354738,14
42.678872354742,14
42.681160911853,14
42.681409911855,14
42.682248589884,14
42.683864589884,864
42.696048588881,14
42.696952106063,944
42.728568245896,1500
42.757179245896,864
42.75753776055,1500
42.76833776055,864
42.78914676055,1500
42.83710776055,864
42.863470270817,1500
42.866945780932,864
42.879592780932,944
42.893597780932,1500
42.921850288773,864
42.922564796589,1500
42.932581796589,864
42.939949303689,1500
42.940170810772,864
42.947578810772,1500
42.957334810772,864
42.993507810772,944
43.026421810772,1500
43.069666810772,864
43.074575312302,1500
43.075542813787,864
43.085560813787,1500
43.112371813787,864
43.145582813787,1500
43.147927312282,864
43.162968312282,944
43.163829810126,1500
43.179849810126,864
43.191649810126,1500
43.191871306808,864
43.193247803439,1500
43.194044300031,864
43.196631796521,1500
43.201735292796,864
43.212150292796,944
43.228207292796,1500
43.264738292796,864
43.287531785539,1500
43.305963785539,864
43.318519785539,1500
43.355923785539,864
43.372006274804,1500
43.372919764023,864
43.386880252673,1500
43.388620741246,864
43.401770741246,1500
43.401992229269,864
43.408050229269,1500
43.408271717033,864
43.408666204786,1500
43.417414204786,864
43.433615204786,1500
43.480640204786,864
43.505652204786,1500
43.536585204786,864
43.586887204786,1500
43.629880204786,864
43.660715204786,1500
43.670223681787,864
43.685092681787,1500
43.68990915798,864
43.70214415798,116
43.70221815798,116
43.70236415798,122
43.70256915798,104
43.70296415798,1500
43.714356543917,864
43.715418019068,1500
43.73506693126,864
43.736395405566,14
43.748492405566,1500
43.761584879082,14
43.780035879059,864
43.810168879059,1500
43.847833879059,864
43.879749879059,944
43.881951347382,104
43.882066347382,98
43.882266347382,122
43.882367347382,110
43.882549347382,122
43.882677347382,122
43.883077552008,1500
43.886356326928,864
43.89912642082,1500
43.904905888207,864
43.914653888207,1500
43.926272888207,864
43.940029354161,1500
43.953304354161,864
43.965969354161,944
44.000983354161,116
44.006619422419,110
44.014722360623,116
44.020016836292,110
44.029109214682,86
44.02927458954,14
44.029505589535,14
44.030457589535,92
44.03268858947,14
44.03767358947,1500
44.038221873171,14
44.073682474255,864
44.080628582972,14
44.080877582988,14
44.084148582988,1500
44.09357674984,864
44.094029523199,1500
44.095576296823,864
44.115649400625,1500
44.119192177197,864
44.119546953802,944
44.120711730578,116
44.120911730578,122
44.121111730578,122
44.121506730578,1500
44.138322245216,864
44.155948110444,1500
44.156164891707,864
44.166426673609,1500
44.167371456295,864
44.175140022743,1500
44.175356806444,864
44.176085590223,944
44.176466374049,1500
44.186922158356,864
44.187694943601,1500
44.187911728897,864
44.189454514376,1500
44.191226300131,864
44.205098178155,1500
44.205979965749,864
44.20664575342,944
44.207801328961,1500
44.208018116814,864
44.212734905257,1500
44.223245694304,864
44.223662484129,1500
44.223879274001,864
44.235315065318,1500
44.254613628933,864
44.255252422799,944
44.25621621678,1500
44.256433010799,864
44.257750804966,1500
44.259864393706,864
44.262579729668,1500
44.266293460256,864
44.267278255649,1500
44.269014051272,864
44.27786964427,944
44.278277441055,1500
44.279132237968,864
44.283922035677,1500
44.296885834017,864
44.304107173483,1500
44.311820173483,864
44.31257497464,1500
44.32155837,864
44.324822172734,944
44.325750975574,1500
44.341727779423,864
44.343099584496,1500
44.343316389609,864
44.346786195154,1500
44.36490713824,864
44.366387754276,1500
44.36724256245,864
44.367487370657,92
44.367637819161,14
44.368014819161,1500
44.368228998839,864
44.368423819145,14
44.368710819145,1500
44.368924998858,864
44.370965178613,1500
44.371179358438,864
44.371403538276,98
44.371536538276,92
44.371700538276,116
44.371900538276,122
44.372064538276,116
44.372201538276,122
44.372569538276,1500
44.393794658591,864
44.39441183956,1500
44.408455573382,864
44.408814020223,1500
44.425114202233,864
44.448367314663,1500
44.494723453256,864
44.539156326162,14
44.54359397035,14
44.543800159018,14
44.544148159027,14
44.548900347721,944
44.56026493536,14
44.581834769209,1500
44.604778681834,864
44.635364361548,1500
44.667832562172,864
44.697152358265,1500
44.70813777516,864
44.725417894519,1500
44.786016419247,864
44.799592081598,944
44.812194327537,1500
44.832140378322,14
44.833383244951,14
44.833686244975,14
44.834700245057,14
44.835057245086,14
44.835309514496,14
44.837795882908,14
44.838125882934,14
44.838437882934,864
44.839522383748,14
44.869047921164,1500
44.881687060195,14
44.892803495924,864
44.898843495924,1500
44.901122922808,864
44.912284429898,14
44.918435429898,1500
44.926715429898,864
44.93896728113,944
44.952938883076,14
44.957189550016,1500
44.958003974603,864
44.959556399132,1500
44.964885823441,864
44.979164380027,1500
44.996561380027,864
45.008746802574,1500
45.019033802574,864
45.034542802574,944
45.079669802574,1500
45.103861802574,864
45.132356802574,1500
45.177077802574,864
45.208245802574,1500
45.244452802574,864
45.281056802574,1500
45.303160802574,864
45.336669802574,944
45.376945802574,1500
45.417770208651,864
45.426060208651,1500
45.430282614226,864
45.432996019697,1500
45.444516019697,864
45.454291019697,1500
45.486313019697,864
45.524205019697,944
45.554050019697,1500
45.598888019697,864
45.606820418202,1500
45.617791418202,864
45.637259418202,1500
45.657428814673,864
45.662960210925,1500
45.675056210925,864
45.691905210925,1500
45.739749210925,864
45.773350210925,116
45.779409210925,122
45.785846210925,116
45.789012382761,116
45.791470850369,122
45.800735217115,1500
45.800956607848,864
45.804457998448,1500
45.818848998448,864
45.819671388436,1500
45.828680388436,864
45.846033388436,1500
45.872817776299,864
45.877427776299,944
45.885878776299,86
45.889948776299,122
45.891210776299,122
45.891356776299,110
45.897073776299,116
45.906175913182,116
45.912180574399,116
45.912579960672,14
45.917708960672,1500
45.95315934533,864
45.96611134533,1500
45.966332729463,864
45.974667729463,1500
45.975576749633,864
45.983088791265,1500
45.984671812667,864
45.985390834152,1500
45.986317855776,864
45.993818295129,1500
46.009558602638,864
46.023015602638,944
46.025231629526,1500
46.037579629526,864
46.055156530661,1500
46.070058563647,864
46.078754088157,1500
46.080580122572,864
46.081227157065,1500
46.097064615598,864
46.106746653627,944
46.114002730596,1500
46.115028769695,864
46.11544580883,1500
46.119204848498,864
46.131809888322,1500
46.132026929734,864
46.132416971182,1500
46.132634012676,864
46.133309054265,944
46.145630054265,104
46.145953054265,1500
46.148790431134,864
46.150837807929,1500
46.160417116102,864
46.167622339609,14
46.170660183588,14
46.175353895472,1500
46.191685318671,864
46.199254364685,1500
46.211053364685,864
46.231013146421,944
46.242898201547,1500
46.248416574456,864
46.256092054637,1500
46.262610485734,864
46.268581917409,1500
46.280250039158,864
46.280662410793,1500
46.297721834011,864
46.313833834011,944
46.357465834011,104
46.358286834011,110
46.358509202544,14
46.360940885675,110
46.362189948197,14
46.366207531041,116
46.37412505311,122
46.37611142098,14
46.376360420975,14
46.383355420975,116
46.385153420801,14
46.391644420801,116
46.393685420801,92
46.396275420801,92
46.396496420576,14
46.403697168541,122
46.405040168541,122
46.410248729478,116
46.417487127366,116
46.422443800793,110
46.427395599699,122
46.430145111903,122
46.434678497738,14
46.437245497738,116
46.437793497738,1500
46.454498091742,864
46.455710163612,1500
46.472368229623,864
46.473238768563,1500
46.481914337854,14
46.487296667694,864
46.487739209054,1500
46.490296957918,14
46.492028797663,14
46.494674671674,14
46.494829762775,14
46.494979762785,14
46.500412394317,14
46.502165644807,14
46.503916644807,864
46.506379874689,14
46.510416823672,14
46.511352227911,944
46.516621373372,1500
46.518648837913,14
46.519379091127,14
46.519657185638,14
46.519875280183,14
46.520695921674,864
46.521566468708,1500
46.52257301594,864
46.523236563262,1500
46.523452110642,864
46.523974486188,1500
46.524190033692,864
46.524926581308,944
46.525279128977,1500
46.525494676699,864
46.526379224542,1500
46.527178772546,864
46.52790532066,1500
46.529946869243,864
46.531353417936,1500
46.541993563192,14
46.550384900121,864
46.551421452206,104
46.551744452206,1500
46.55196000437,864
46.552312556577,1500
46.553337108971,864
46.554234661484,1500
46.554450214066,864
46.554612766691,86
46.554686766691,110
46.554868766691,122
46.555173766691,1500
46.568880346212,864
46.569056706408,14
46.584903801257,14
46.592127948022,1500
46.624112777291,864
46.625032886237,1500
46.642188871425,864
46.646452755744,92
46.646598755744,122
46.646894755744,1500
46.661512480392,864
46.661924836928,1500
46.668701042309,864
46.683257877074,1500
46.714946605353,864
46.757029161849,1500
46.760263514497,864
46.779776645502,944
46.795692237133,1500
46.835909539092,864
46.864996100393,1500
46.89053454083,864
46.916785763352,1500
46.921578109643,864
46.937073268003,1500
46.953816962572,864
46.969055088305,944
46.97845024876,1500
46.979246592781,864
46.988279217141,1500
46.988500560798,864
47.001967918705,1500
47.020729165874,864
47.028911165874,1500
47.03303450778,864
47.04254950778,944
47.044497849238,1500
47.059986849238,864
47.061615190028,1500
47.067375530585,864
47.081047530585,1500
47.09566287003,864
47.10569887003,1500
47.12561587003,864
47.15664087003,944
47.18393887003,1500
47.22147787003,864
47.258550203088,1500
47.270196203088,864
47.283229203088,1500
47.316268203088,864
47.338967203088,1500
47.362637203088,864
47.410042203088,944
47.444990203088,1500
47.476778203088,864
47.491263527043,1500
47.508696527043,864
47.531575527043,1500
47.55403184854,864
47.56221384854,1500
47.57829684854,864
47.578674169079,944
47.589619169079,1500
47.610517169079,864
47.628593487674,1500
47.62938980623,864
47.630203124758,1500
47.630424443273,864
47.645284443273,1500
47.663041443273,864
47.698949781363,944
47.703063189809,14
47.70912013194,1500
47.72100013194,864
47.73939713194,1500
47.78041913194,864
47.813846443316,1500
47.815424754626,864
47.827791754626,1500
47.845188754626,864
47.865872063976,944
47.873990063976,86
47.874190063976,116
47.874576063976,1500
47.87666984125,864
47.877076618569,1500
47.880427704937,14
47.887672396766,864
47.888124175977,1500
47.88899595537,864
47.890258734947,1500
47.891076514698,864
47.891768294561,944
47.895442855191,98
47.895521855191,92
47.895862855191,1500
47.909432636537,864
47.924689361248,1500
47.951466987469,864
47.951825293481,1500
47.968721085128,864
47.990172263569,1500
48.015722999171,864
48.017699302625,944
48.023032605867,122
48.023151605867,116
48.023342605867,122
48.023533605867,122
48.023616605867,122
48.023816605867,122
48.023971605867,122
48.024059605867,104
48.024250605867,116
48.024423605867,110
48.024569605867,110
48.024835408657,110
48.025037021519,116
48.025138021519,122
48.025302021519,116
48.025385021519,122
48.025650486936,122
48.025805486936,122
48.025942486936,122
48.026097486936,122
48.026297486936,122
48.026430486936,104
48.026735486936,1500
48.027995651658,864
48.029216424288,1500
48.02997596441,14
48.031795409789,864
48.043431783179,1500
48.046262998037,14
48.048395307748,864
48.055046916482,1500
48.055794227256,864
48.068223075975,944
48.06932190308,122
48.06948590308,122
48.06988090308,1500
48.077769379869,864
48.083605856938,14
48.094652933899,1500
48.128685489277,864
48.160519489277,1500
48.194953489277,864
48.19528478585,1500
48.21089078585,864
48.211250081807,944
48.223022081807,104
48.223213081807,122
48.223287081807,116
48.223487081807,122
48.223810081807,1500
48.235386431046,864
48.248123380147,1500
48.259310380147,864
48.279336380147,1500
48.317370380147,864
48.326733671638,1500
48.326954963118,864
48.328116254554,944
48.342768254554,86
48.342856254554,92
48.343020254554,116
48.343343254554,1500
48.344267751588,864
48.345920246376,1500
48.349497599197,864
48.35030409686,1500
48.354821271866,14
48.360214057773,864
48.360885555546,1500
48.361100053326,864
48.362379551099,944
48.364274850142,1500
48.365739347916,864
48.36770684568,1500
48.36792134346,864
48.377102721191,1500
48.377955218967,864
48.379063716752,1500
48.379817214532,864
48.386352360796,944
48.38711685858,1500
48.38733135636,864
48.387691854145,1500
48.387906351925,864
48.38864084971,1500
48.388855347489,864
48.389314845274,1500
48.389529343054,864
48.389854840839,944
48.390314338623,1500
48.390528836403,864
48.391353334178,1500
48.391567831958,864
48.392018329741,1500
48.392232827521,864
48.392922325306,1500
48.393136823085,864
48.393881320869,944
48.395824674736,1500
48.396587172516,864
48.3969296703,1500
48.39768316808,864
48.399391784582,1500
48.400136282362,864
48.400924780146,1500
48.401139277926,864
48.401473775709,944
48.402445273492,1500
48.402659771272,864
48.403101269057,1500
48.403315766837,864
48.404226383338,1500
48.404440881118,864
48.405376378903,1500
48.405590876683,864
48.405853374467,944
48.406635872251,1500
48.406850370031,864
48.407300867815,1500
48.407515365595,864
48.408132863379,1500
48.408347361159,864
48.408928858944,1500
48.409143356724,864
48.409477854507,944
48.410296352291,1500
48.41507370613,864
48.415398203909,1500
48.426332318044,864
48.426665815673,1500
48.427410313389,864
48.427842811134,1500
48.428057308914,864
48.428737806698,1500
48.428952304478,864
48.431324802189,98
48.431484802189,104
48.431653802189,104
48.431826802189,122
48.432128080128,1500
48.444623777192,864
48.465966318135,1500
48.466187591472,864
48.46891548097,1500
48.485502208454,864
48.504005499348,1500
48.552082772591,864
48.581051900442,944
48.617037890824,116
48.627849287529,1500
48.651997612329,864
48.671800660095,1500
48.687921672218,864
48.691287915477,1500
48.710881486693,864
48.724700237588,1500
48.750101730483,864
48.762860461674,944
48.77008695941,1500
48.786196457079,864
48.808114802612,1500
48.809446153077,864
48.809863503581,1500
48.810080854138,864
48.810417204734,1500
48.811326555471,864
48.824862577184,944
48.825505425163,98
48.825597425163,116
48.825676425163,92
48.826008425163,1500
48.826995922859,864
48.827658420612,1500
48.828519918386,864
48.82891641617,1500
48.83064991393,864
48.831465411709,1500
48.831679909489,864
48.832505407264,944
48.832964905048,1500
48.833179402828,864
48.833760900613,1500
48.835085893039,864
48.838274390774,1500
48.851996386051,864
48.85234788361,1500
48.852562381202,864
48.852932878821,944
48.853820874224,104
48.853957874224,122
48.854253874224,1500
48.854468372004,864
48.854873869789,1500
48.855088367569,864
48.855502865354,1500
48.858135363112,864
48.858522860897,1500
48.858737358677,864
48.869421220843,944
48.869559718581,116
48.869642718581,122
48.869752718581,116
48.869853718581,122
48.870008718581,122
48.870199718581,122
48.870282718581,122
48.870392718581,116
48.870601718581,122
48.870978718581,1500
48.87119321636,864
48.871900714144,1500
48.872115211924,864
48.872813709708,1500
48.873028207487,864
48.87347870527,1500
48.87369320305,864
48.874961556921,944
48.875365054705,98
48.875552054705,92
48.875680054705,116
48.875826054705,122
48.876149054705,1500
48.877223762171,864
48.877558618271,1500
48.890390261121,14
48.890612261121,864
48.891456117212,1500
48.891671973305,864
48.892479829403,1500
48.901797853838,14
48.903287853838,864
48.905699705439,14
48.917536853279,944
48.917708709336,92
48.917995709336,1500
48.934301003904,864
48.934738978081,1500
48.949730112665,864
48.959787729025,1500
48.995606503981,864
49.011242357549,1500
49.026984299348,864
49.060154778128,944
49.101662275592,1500
49.138826986854,864
49.186645040342,1500
49.229803274433,864
49.230232248425,1500
49.238867222612,864
49.247743381722,1500
49.301722629937,864
49.301999604098,944
49.320706954929,104
49.321110954929,1500
49.339262092053,864
49.341127646246,1500
49.343822954468,864
49.358344904013,14
49.361716903967,14
49.369976686801,1500
49.394535800451,864
49.425958079766,1500
49.442051423011,864
49.452403494003,944
49.475447613139,1500
49.50838567296,864
49.524478318224,1500
49.54580562586,864
49.571722048918,1500
49.599043972537,864
49.636605823235,1500
49.682031961458,864
49.712516961458,944
49.732445069837,1500
49.741166177134,864
49.750401177134,1500
49.751260283148,864
49.752474389121,1500
49.760169494038,864
49.761644598907,1500
49.776206598907,864
49.798717598907,944
49.79895769883,86
49.79908169883,92
49.79926369883,122
49.79943669883,116
49.79954669883,110
49.79971969883,122
49.79987969883,86
49.80007969883,116
49.80024369883,110
49.80037169883,122
49.80050469883,86
49.80057869883,116
49.80074269883,122
49.80091569883,116
49.80120269883,1500
49.814150138262,14
49.815557138167,14
49.816918155857,14
49.818003155857,864
49.822609853735,1500
49.823607709827,864
49.823933565927,1500
49.826873038525,864
49.831700750675,1500
49.835667485875,14
49.835883341977,14
49.836721341958,14
49.837065198062,14
49.83728105414,14
49.83799305415,14
49.839598522708,14
49.839814378808,14
49.841226469017,14
49.845112170926,864
49.846908265203,14
49.848643492849,14
49.853482348717,944
49.853871204645,1500
49.857390060663,14
49.859591060653,14
49.862065916653,14
49.863441916693,14
49.864322916694,14
49.865032772787,864
49.868780628636,1500
49.868996484539,864
49.869420340498,14
49.870380196586,14
49.871380052689,14
49.872577908755,14
49.872897908782,14
49.874862996178,14
49.883100085946,14
49.886029085946,1500
49.88896894192,864
49.889473797956,14
49.890310654045,1500
49.895852510057,14
49.899989969773,14
49.903503969773,864
49.904213825874,944
49.904371681974,122
49.904562681974,122
49.904704681974,104
49.904814681974,122
49.904924681974,110
49.905097681974,116
49.905501681974,1500
49.905717538066,864
49.906096394166,14
49.906888250267,1500
49.90710410636,864
49.908204722844,14
49.908530578952,14
49.909584435043,14
49.911062314124,14
49.911523170208,14
49.912143170197,14
49.912835891587,14
49.91341974769,1500
49.913978857598,14
49.914676569789,864
49.915047569801,14
49.917402569792,14
49.919913425775,1500
49.920452425831,14
49.92223328184,864
49.925244137938,944
49.925446994038,116
49.925588994038,98
49.925798491824,122
49.925976491824,92
49.926086491824,122
49.926169491824,116
49.926243491824,122
49.926425491824,122
49.926535491824,122
49.926636491824,122
49.926827491824,122
49.927000491824,110
49.927368491824,1500
49.930759269203,14
49.932943981391,14
49.933491981387,14
49.933707837498,14
49.934781693578,14
49.935640572714,14
49.939220572613,14
49.940612572613,864
49.941244572703,14
49.951029428692,14
49.951277428713,14
49.951523284658,14
49.952725323155,14
49.953255323163,14
49.955434179183,14
49.957753179258,14
49.960981035216,14
49.963104035216,1500
49.991718418396,864
50.017938317789,1500
50.029974813225,14
50.030247884543,14
50.031726884452,14
50.034206884452,864
50.046221304325,1500
50.058422076828,864
50.058808144493,944
50.073398144493,1500
50.073619209888,864
50.085527209888,1500
50.099666209888,864
50.131194209888,1500
50.167338209888,864
50.175927263057,1500
50.184423315215,864
50.185611367334,944
50.186068419441,1500
50.198631470073,864
50.20011552053,1500
50.21018652053,864
50.23035652053,1500
50.2463495653,864
50.2512645653,1500
50.253795609175,864
50.262266609175,944
50.275586609175,104
50.278243609175,110
50.280504609175,116
50.284692411906,116
50.287315369508,14
50.289133595408,14
50.291586854309,122
50.294537622732,110
50.295193973562,14
50.296193324402,116
50.296267324402,122
50.297477363008,14
50.304678146762,122
50.307383018776,122
50.3110291739,14
50.311197173897,14
50.31187517385,14
50.31463717385,1500
50.346880173552,864
50.360552173552,1500
50.402339173552,864
50.417414197025,1500
50.425847197025,864
50.443884197025,1500
50.481072197025,864
50.501427210604,944
50.509267210604,1500
50.519887210604,864
50.544737219271,1500
50.54766322756,864
50.55877922756,1500
50.57316122756,864
50.57831523183,116
50.57842523183,122
50.57870323183,1500
50.595126342603,864
50.598511344634,944
50.610743344634,1500
50.624972344634,864
50.643044341032,1500
50.652035341032,864
50.653285336677,1500
50.664832336677,864
50.665699330447,1500
50.678686330447,864
50.692818330447,944
50.714959318686,1500
50.733472318686,864
50.741963318686,116
50.742496318686,122
50.74660053435,1500
50.77782153435,864
50.784864514354,1500
50.789545493791,864
50.79137647301,1500
50.797065451451,864
50.800864451451,1500
50.801085429521,864
50.813228429521,944
50.830284429521,1500
50.857969400412,864
50.870105369779,122
50.870509369779,1500
50.883991369779,864
50.886119337814,1500
50.898737337814,864
50.899434304035,944
50.916165268017,92
50.916336123106,14
50.916837978262,14
50.917178833481,92
50.918318688829,14
50.918571544298,14
50.918892544326,14
50.921255400257,92
50.921685256256,92
50.924527112239,92
50.925322968346,92
50.929061824339,92
50.932648680449,1500
50.936884536502,14
50.950055536502,864
50.950868496427,1500
50.963711496427,864
50.967419454798,1500
50.976581454798,864
50.981032411607,1500
50.993200411607,864
51.000496365946,944
51.009613365946,92
51.010811221341,92
51.01259407705,92
51.013344932868,86
51.013468932868,92
51.013650932868,122
51.013973932868,1500
51.014191283581,864
51.014536634333,1500
51.018667671091,864
51.020339371666,14
51.02130537164,14
51.028014664089,14
51.028380664073,14
51.03394230115,1500
51.03731220392,864
51.050492733049,1500
51.070264749648,864
51.089326565947,944
51.098676101263,1500
51.116057196086,864
51.138053477823,1500
51.157606249231,864
51.160573293262,1500
51.161347644096,864
51.174784388945,1500
51.193164147437,864
51.193959498236,944
51.202269775393,116
51.202501604663,116
51.202620604663,122
51.202766604663,122
51.203152604663,1500
51.204038535635,864
51.204432466581,1500
51.206073397318,864
51.20642232803,1500
51.220925397372,864
51.238345894742,1500
51.279655894742,864
51.306783894742,944
51.339841894742,1500
51.356743894742,864
51.382070894742,1500
51.382291804996,864
51.384415715185,1500
51.393649715185,864
51.409499715185,1500
51.439082715185,864
51.475498715185,944
51.483250614216,86
51.483392614216,92
51.483679614216,1500
