"radioMode:vector manet.host[1].wlan[0].radio ($rateControl="""", $bitrate=6, #0 - Dynamic-0-20220517-13:24:00-21284)",
0,0
0,0
0,2
0.110365688617,3
0.110403688617,2
1.110220688617,3
1.110258688617,2
2.110220688617,3
2.110258688617,2
3.129379474219,3
3.129417474219,2
3.130089195515,3
3.130123195515,2
3.130367401166,3
3.130409401166,2
3.130589401166,3
3.130631401166,2
3.131225401166,3
3.131267401166,2
3.131663401166,3
3.131705401166,2
3.132506401166,3
3.132548401166,2
3.132672122187,3
3.132714122187,2
3.132984843182,3
3.133018843182,2
3.133182564153,3
3.133224564153,2
3.134014087452,3
3.134056087452,2
3.134935487032,3
3.134977487032,2
3.136444506266,3
3.136486506266,2
3.136963506266,3
3.137005506266,2
3.137183226853,3
3.137225226853,2
3.137477226853,3
3.137519226853,2
3.137704439128,3
3.137746439128,2
3.138556439128,3
3.138598439128,2
3.139956261624,3
3.139998261624,2
3.140821356832,3
3.140863356832,2
3.147937226783,3
3.147979226783,2
3.148150226783,3
3.148192226783,2
3.148453226783,3
3.148495226783,2
3.148699946251,3
3.148741946251,2
3.148858946251,3
3.148900946251,2
3.149555946227,3
3.149597946227,2
3.150434946227,3
3.150476946227,2
3.152528946227,3
3.152570946227,2
3.157373279387,3
3.157415279387,2
3.161042279387,3
3.161084279387,2
3.161237279387,3
3.161279279387,2
3.161621279387,3
3.161663279387,2
3.161789279387,3
3.161831279387,2
3.161963997558,3
3.162005997558,2
3.162221997558,3
3.162263997558,2
3.162704997558,3
3.162746997558,2
3.163826997558,3
3.163868997558,2
3.164687997558,3
3.164729997558,2
3.166587715372,3
3.166629715372,2
3.170121715267,3
3.170163715267,2
3.170361715267,3
3.170403715267,2
3.170718715267,3
3.170760715267,2
3.171282715267,3
3.171324715267,2
3.172053715267,3
3.172095715267,2
3.173580715267,3
3.173622715267,2
3.173710432293,3
3.173752432293,2
3.174004432293,3
3.174046432293,2
3.174604432293,3
3.174646432293,2
3.175114432293,3
3.175156432293,2
3.17528914917,3
3.17533114917,2
3.17549314917,3
3.17553514917,2
3.17616514917,3
3.17620714917,2
3.176357865945,3
3.176399865945,2
7.123467480901,3
7.123505480901,2
7.124250051617,3
7.124284051617,2
7.124366051617,3
7.124408051617,2
7.124543051617,3
7.124585051617,2
7.124765051617,3
7.124807051617,2
7.125176051617,3
7.125218051617,2
7.125713051617,3
7.125755051617,2
7.125899051617,3
7.125941051617,2
7.130319396729,3
7.130353396729,2
7.132757396729,3
7.132799396729,2
7.132930965635,3
7.132972965635,2
7.133134965635,3
7.133176965635,2
7.133392965635,3
7.133434965635,2
7.134136965635,3
7.134178965635,2
7.134583965635,3
7.134625965635,2
7.138441902914,3
7.138483902914,2
7.13863347067,3
7.13867547067,2
7.13899947067,3
7.13904147067,2
7.13912247067,3
7.13916447067,2
7.139314038289,3
7.139356038289,2
7.139518038289,3
7.139560038289,2
7.140127038289,3
7.140169038289,2
7.141203450576,3
7.141245450576,2
7.143931372197,3
7.143973372197,2
7.14828593398,3
7.14832793398,2
7.161214790775,3
7.161256790775,2
7.161463790775,3
7.161505790775,2
7.161730790775,3
7.161772790775,2
7.161916790775,3
7.161958790775,2
7.163234552292,3
7.163276552292,2
7.164164955875,3
7.164206955875,2
7.164827955875,3
7.164869955875,2
7.165427955875,3
7.165469955875,2
7.165628518178,3
7.165670518178,2
7.165751518178,3
7.165793518178,2
7.166090518178,3
7.166132518178,2
7.166735518178,3
7.166777518178,2
7.166901744485,3
7.166943744485,2
7.168068744485,3
7.168110744485,2
7.168740744485,3
7.168782744485,2
7.168878306119,3
7.168920306119,2
7.169123867725,3
7.169165867725,2
7.169309867725,3
7.169351867725,2
7.170010508579,3
7.170052508579,2
7.171026710675,3
7.171068710675,2
7.173000271759,3
7.173042271759,2
7.178079743403,3
7.178121743403,2
7.179858743403,3
7.179900743403,2
7.180017743403,3
7.180059743403,2
7.180284743403,3
7.180326743403,2
7.180749743403,3
7.180791743403,2
7.180881743403,3
7.180923743403,2
7.181310743403,3
7.181352743403,2
7.184223302323,3
7.184265302323,2
7.184369860831,3
7.184411860831,2
7.184852860799,3
7.184894860799,2
7.185299860799,3
7.185341860799,2
7.186502860799,3
7.186544860799,2
7.188587860799,3
7.188629860799,2
7.192553860799,3
7.192595860799,2
7.204647080787,3
7.204689080787,2
7.204811635173,3
7.204853635173,2
7.205150635173,3
7.205192635173,2
7.205297189458,3
7.205339189458,2
7.205447189458,3
7.205489189458,2
7.205597189458,3
7.205639189458,2
7.206278189458,3
7.206320189458,2
7.206406743516,3
7.206448743516,2
7.206754743516,3
7.206796743516,2
7.207201743516,3
7.207243743516,2
7.207902381835,3
7.207936381835,2
7.20847593553,3
7.20850993553,2
7.20856493553,3
7.20860693553,2
7.209807489033,3
7.209841489033,2
7.21073348894,3
7.21076748894,2
7.21115648894,3
7.21119848894,2
7.21154048894,3
7.21158248894,2
7.212283041932,3
7.212317041932,2
7.212895041932,3
7.212937041932,2
7.213117041932,3
7.213159041932,2
7.213438041932,3
7.213480041932,2
7.213975041932,3
7.214017041932,2
7.214737041932,3
7.214779041932,2
7.216381041932,3
7.216423041932,2
7.219771041932,3
7.219813041932,2
7.226086041932,3
7.226128041932,2
7.23007333521,3
7.23010733521,2
7.231131335103,3
7.231165335103,2
7.232873334928,3
7.232907334928,2
7.234024334928,3
7.234066334928,2
7.234197883391,3
7.234239883391,2
7.234536883391,3
7.234578883391,2
7.234947883391,3
7.234989883391,2
7.235790883391,3
7.235832883391,2
7.237560883391,3
7.237602883391,2
7.238277883391,3
7.238319883391,2
7.248499534029,3
7.248541534029,2
7.248640534029,3
7.248682534029,2
7.248997534029,3
7.249039534029,2
7.249156534029,3
7.249198534029,2
7.249477534029,3
7.249519534029,2
7.250831714752,3
7.250873714752,2
7.252952714752,3
7.252994714752,2
7.254037255747,3
7.254079255747,2
7.258808356706,3
7.258850356706,2
7.259062900177,3
7.259104900177,2
7.259299443597,3
7.259341443597,2
7.266806620625,3
7.266840620625,2
7.275733627182,3
7.275767627182,2
7.277943260647,3
7.277977260647,2
7.28177879867,3
7.28181279867,2
7.283027798544,3
7.283061798544,2
7.292569696118,3
7.292603696118,2
7.295693232513,3
7.295727232513,2
7.301104864246,3
7.301138864246,2
7.317079555747,3
7.317113555747,2
7.320320087203,3
7.320354087203,2
7.320893618267,3
7.320927618267,2
7.321899872496,3
7.321941872496,2
7.323218041175,3
7.323252041175,2
7.323874041109,3
7.323908041109,2
7.325781040918,3
7.325815040918,2
7.335434922278,3
7.335468922278,2
7.336783922143,3
7.336817922143,2
7.337001449935,3
7.337035449935,2
7.339899977424,3
7.339933977424,2
7.346975606215,3
7.347009606215,2
7.347422606161,3
7.347456606161,2
7.348700864194,3
7.348734864194,2
7.352463121567,3
7.352497121567,2
7.353563646123,3
7.353597646123,2
7.357129274215,3
7.357163274215,2
7.361256273679,3
7.361290273679,2
7.368570528781,3
7.368604528781,2
7.369536050128,3
7.369570050128,2
7.374626049618,3
7.374660049618,2
7.375082569792,3
7.375116569792,2
7.376781450977,3
7.376815450977,2
7.377827704952,3
7.377861704952,2
7.397089463015,3
7.397123463015,2
7.403302964625,3
7.403336964625,2
7.413969088764,3
7.414003088764,2
7.445447170751,3
7.445481170751,2
7.448949415338,3
7.448983415338,2
7.509165261089,3
7.509199261089,2
7.517081878408,3
7.517115878408,2
7.517587370087,3
7.517621370087,2
7.518279370018,3
7.518313370018,2
7.522137369634,3
7.522171369634,2
7.522354860324,3
7.522388860324,2
7.526145094842,3
7.526179094842,2
7.53820571092,3
7.53823971092,2
7.541638198085,3
7.541672198085,2
7.552721124058,3
7.552755124058,2
7.558827454159,3
7.558861454159,2
7.5699240681,3
7.5699580681,2
7.581779776235,3
7.581813776235,2
7.582233255024,3
7.582267255024,2
7.587224177864,3
7.587258177864,2
7.605076241208,3
7.605110241208,2
7.606203715292,3
7.606237715292,2
7.621621548101,3
7.621655548101,2
7.664592086742,3
7.664626086742,2
7.665039549058,3
7.665073549058,2
7.665836548979,3
7.665870548979,2
7.667198010958,3
7.667232010958,2
7.670402472492,3
7.670436472492,2
7.670619933678,3
7.670653933678,2
7.672142080345,3
7.672176080345,2
7.675481540885,3
7.675515540885,2
7.679812148123,3
7.679846148123,2
7.683054362231,3
7.683088362231,2
7.692924361252,3
7.692958361252,2
7.693988817895,3
7.694022817895,2
7.697632423908,3
7.697666423908,2
7.698740485857,3
7.698774485857,2
7.711773301929,3
7.711807301929,2
7.713538754766,3
7.713572754766,2
7.719426754174,3
7.719460754174,2
7.719701754146,3
7.719735754146,2
7.723151640996,3
7.723185640996,2
7.723551091714,3
7.723585091714,2
7.724315091638,3
7.724349091638,2
7.726212091451,3
7.726246091451,2
7.733362299191,3
7.733396299191,2
7.733709299157,3
7.733743299157,2
7.738179506511,3
7.738213506511,2
7.761334570404,3
7.761368570404,2
7.763500446463,3
7.763534446463,2
7.764579446357,3
7.764613446357,2
7.769042047885,3
7.769076047885,2
7.77025948943,3
7.77029348943,2
7.775073930388,3
7.775107930388,2
7.778519930047,3
7.778553930047,2
7.778737369817,3
7.778771369817,2
7.779074809534,3
7.779108809534,2
7.779675809474,3
7.779709809474,2
7.783877010906,3
7.783911010906,2
7.810308081434,3
7.810342081434,2
7.810680514917,3
7.810714514917,2
7.812595948165,3
7.812629948165,2
7.850541922182,3
7.850575922182,2
7.86117837054,3
7.86121237054,2
7.866421370024,3
7.866455370024,2
7.886122002567,3
7.886156002567,2
7.902952782837,3
7.902986782837,2
7.921360522598,3
7.921394522598,2
7.928357540574,3
7.928391540574,2
7.929897950676,3
7.929931950676,2
7.931691542218,3
7.931725542218,2
7.940407132819,3
7.940441132819,2
7.942915132573,3
7.942949132573,2
7.943132539942,3
7.943166539942,2
7.944124947202,3
7.944158947202,2
7.944342354334,3
7.944376354334,2
7.944599354308,3
7.944633354308,2
7.944989761339,3
7.945023761339,2
7.945645761275,3
7.945679761275,2
7.945863168108,3
7.945897168108,2
7.949125349062,3
7.949159349062,2
7.956153938773,3
7.956187938773,2
7.956371343542,3
7.956405343542,2
7.960932343094,3
7.960966343094,2
7.961628746879,3
7.961662746879,2
7.962037150563,3
7.962071150563,2
7.962254554176,3
7.962288554176,2
7.962673554135,3
7.962707554135,2
7.967249967215,3
7.967283967215,2
7.967467369805,3
7.967501369805,2
7.968602369693,3
7.968636369693,2
7.976079771315,3
7.976113771315,2
7.981288591298,3
7.981322591298,2
7.982584179722,3
7.982618179722,2
7.98447575603,3
7.98450975603,2
7.985990743475,3
7.986024743475,2
7.987464561307,3
7.987498561307,2
7.993565959355,3
7.993599959355,2
8.008002957947,3
8.008036957947,2
8.014358541409,3
8.014392541409,2
8.021957329523,3
8.021999329523,2
8.022278329523,3
8.022320329523,2
8.022518329523,3
8.022560329523,2
8.023724701409,3
8.023766701409,2
8.024505793065,3
8.024547793065,2
8.02879747831,3
8.02883947831,2
8.029007853233,3
8.029049853233,2
8.029209228147,3
8.029251228147,2
8.029350228147,3
8.029392228147,2
8.029473228147,3
8.029515228147,2
8.030019228147,3
8.030061228147,2
8.030193603018,3
8.030235603018,2
8.030451603018,3
8.030493603018,2
8.031050455936,3
8.031084455936,2
8.031301455936,3
8.031343455936,2
8.031983276958,3
8.032025276958,2
8.033168276958,3
8.033210276958,2
8.036993793141,3
8.037035793141,2
8.041236316035,3
8.041270316035,2
8.044754316035,3
8.044796316035,2
8.044976316035,3
8.045018316035,2
8.045315316035,3
8.045357316035,2
8.045879316035,3
8.045921316035,2
8.046101316035,3
8.046143316035,2
8.046257690225,3
8.046299690225,2
8.046434690225,3
8.046476690225,2
8.046636064401,3
8.046678064401,2
8.046858064401,3
8.046900064401,2
8.047143064401,3
8.047185064401,2
8.047410064401,3
8.047452064401,2
8.049495064401,3
8.049537064401,2
8.053614064401,3
8.053656064401,2
8.059551313407,3
8.059585313407,2
8.062431313407,3
8.062473313407,2
8.062653313407,3
8.062695313407,2
8.062857313407,3
8.062899313407,2
8.063097313407,3
8.063139313407,2
8.063247313407,3
8.063289313407,2
8.064603313407,3
8.064645313407,2
8.067768313407,3
8.067810313407,2
8.067942686684,3
8.067984686684,2
8.068137686684,3
8.068179686684,2
8.068512686684,3
8.068554686684,2
8.069697686684,3
8.069739686684,2
8.071764686684,3
8.071806686684,2
8.072931686684,3
8.072973686684,2
8.073873686684,3
8.073915686684,2
8.074050686684,3
8.074092686684,2
8.07682506811,3
8.07685906811,2
8.077042449234,3
8.077076449234,2
8.07759244918,3
8.07762644918,2
8.090626447906,3
8.090660447906,2
8.090953826331,3
8.090987826331,2
8.093767826057,3
8.093801826057,2
8.094494203821,3
8.094528203821,2
8.110617202255,3
8.110651202255,2
8.111298576733,3
8.111332576733,2
8.113626576505,3
8.113660576505,2
8.11829357605,3
8.11832757605,2
8.118594949067,3
8.118628949067,2
8.132661320681,3
8.132695320681,2
8.133017320646,3
8.133051320646,2
8.133373320612,3
8.133407320612,2
8.139652319999,3
8.139686319999,2
8.139979688854,3
8.140013688854,2
8.140197057647,3
8.140231057647,2
8.14149905752,3
8.14153305752,2
8.152995056409,3
8.153029056409,2
8.153212422664,3
8.153246422664,2
8.153656788864,3
8.153690788864,2
8.154438788788,3
8.154472788788,2
8.168185787449,3
8.168219787449,2
8.168804150705,3
8.168838150705,2
8.1709161505,3
8.1709501505,2
8.171199513258,3
8.171233513258,2
8.171589875958,3
8.171623875958,2
8.17180723859,3
8.17184123859,2
8.172251601167,3
8.172285601167,2
8.174328963489,3
8.174362963489,2
8.175413963384,3
8.175447963384,2
8.180541962893,3
8.180575962893,2
8.181169323742,3
8.181203323742,2
8.182080684451,3
8.182114684451,2
8.185776684091,3
8.185810684091,2
8.18866468381,3
8.18869868381,2
8.189148043092,3
8.189182043092,2
8.189468043061,3
8.189502043061,2
8.191800402008,3
8.191834402008,2
8.192226760694,3
8.192260760694,2
8.192909760628,3
8.192943760628,2
8.193718760549,3
8.193752760549,2
8.20471975947,3
8.20475375947,2
8.20506511565,3
8.20509911565,2
8.209604471346,3
8.209638471346,2
8.211706471141,3
8.211740471141,2
8.215143825662,3
8.215177825662,2
8.221065179263,3
8.221099179263,2
8.222875532122,3
8.222909532122,2
8.223092884775,3
8.223126884775,2
8.223448884741,3
8.223482884741,2
8.23582723611,3
8.23586123611,2
8.236609236034,3
8.236643236034,2
8.236826586018,3
8.236860586018,2
8.23978958573,3
8.23982358573,2
8.240700935037,3
8.240734935037,2
8.243317934783,3
8.243351934783,2
8.248778934253,3
8.248812934253,2
8.253193933815,3
8.253227933815,2
8.254360933702,3
8.254394933702,2
8.254787280227,3
8.254821280227,2
8.255004626681,3
8.255038626681,2
8.255644626618,3
8.255678626618,2
8.260350972479,3
8.260384972479,2
8.266765971856,3
8.266799971856,2
8.266983315985,3
8.267017315985,2
8.277163314999,3
8.277197314999,2
8.279719656892,3
8.279753656892,2
8.282066656665,3
8.282100656665,2
8.289749655911,3
8.289783655911,2
8.291712995421,3
8.291746995421,2
8.29430299517,3
8.29433699517,2
8.294993333912,3
8.295027333912,2
8.300296333398,3
8.300330333398,2
8.302441333199,3
8.302475333199,2
8.303187333127,3
8.303221333127,2
8.304557670081,3
8.304591670081,2
8.305011006867,3
8.305045006867,2
8.309390006443,3
8.309424006443,2
8.31571500583,3
8.31574900583,2
8.31624300577,3
8.31627700577,2
8.317252005672,3
8.317286005672,2
8.318256005575,3
8.318290005575,2
8.318700339709,3
8.318734339709,2
8.31891767377,3
8.31895167377,2
8.319946007719,3
8.319980007719,2
8.323587007367,3
8.323621007367,2
8.324115340452,3
8.324149340452,2
8.327712340104,3
8.327746340104,2
8.32883967234,3
8.32887367234,2
8.335230671713,3
8.335264671713,2
8.337414671502,3
8.337448671502,2
8.337814001931,3
8.337848001931,2
8.338450332252,3
8.338484332252,2
8.339076332191,3
8.339110332191,2
8.339594332141,3
8.339628332141,2
8.342142331894,3
8.342176331894,2
8.343404661317,3
8.343438661317,2
8.343794990588,3
8.343828990588,2
8.344486990521,3
8.344520990521,2
8.344970319565,3
8.345004319565,2
8.358272318287,3
8.358306318287,2
8.369095317232,3
8.369129317232,2
8.36944064154,3
8.36947464154,2
8.369657965784,3
8.369691965784,2
8.37124796563,3
8.37128196563,2
8.377908964987,3
8.377942964987,2
8.378973287522,3
8.379007287522,2
8.379591609886,3
8.379625609886,2
8.380754932079,3
8.380788932079,2
8.390774931119,3
8.390808931119,2
8.391367931062,3
8.391401931062,2
8.395855930629,3
8.395889930629,2
8.408360929413,3
8.408394929413,2
8.409982246014,3
8.410016246014,2
8.41123156233,3
8.41126556233,2
8.413756562086,3
8.413790562086,2
8.421335561355,3
8.421369561355,2
8.421734875572,3
8.421768875572,2
8.422871189631,3
8.422905189631,2
8.42402818952,3
8.42406218952,2
8.425014189425,3
8.425048189425,2
8.447919187226,3
8.447953187226,2
8.484766183671,3
8.484800183671,2
8.492772182901,3
8.492806182901,2
8.504851181739,3
8.504885181739,2
8.528083179517,3
8.528117179517,2
8.541572178222,3
8.541606178222,2
8.547628177641,3
8.547662177641,2
8.587940173768,3
8.587974173768,2
8.593152173269,3
8.593186173269,2
8.595416173052,3
8.595450173052,2
8.601156172511,3
8.601190172511,2
8.602181172413,3
8.602215172413,2
8.602862451844,3
8.602896451844,2
8.615071450684,3
8.615105450684,2
8.616054727618,3
8.616088727618,2
8.61688600438,3
8.61692000438,2
8.617227004347,3
8.617261004347,2
8.619226280781,3
8.619260280781,2
8.620245556918,3
8.620279556918,2
8.622373688478,3
8.622411688478,2
8.622983832703,3
8.623017832703,2
8.623201108197,3
8.623235108197,2
8.625061108019,3
8.625095108019,2
8.626259107904,3
8.626293107904,2
8.640167274285,3
8.640201274285,2
8.645311273784,3
8.645345273784,2
8.646321544943,3
8.646355544943,2
8.64707654487,3
8.64711054487,2
8.648455815647,3
8.648489815647,2
8.654934815037,3
8.654968815037,2
8.6595038146,3
8.6595378146,2
8.659721083114,3
8.659755083114,2
8.660613083029,3
8.660647083029,2
8.662450082853,3
8.662484082853,2
8.664692082639,3
8.664726082639,2
8.665015082609,3
8.665049082609,2
8.66553608256,3
8.66557008256,2
8.665787082536,3
8.665821082536,2
8.666029082513,3
8.666063082513,2
8.66794508233,3
8.66797908233,2
8.673154081833,3
8.673188081833,2
9.622219688478,3
9.622257688478,2
9.622373227385,3
9.622407227385,2
9.622435227385,3
9.622477227385,2
9.622810227385,3
9.622852227385,2
9.622924227385,3
9.622966227385,2
9.623218766132,3
9.623260766132,2
9.625479870184,3
9.625521870184,2
9.625696408292,3
9.625738408292,2
9.626329946294,3
9.626371946294,2
9.626659946294,3
9.626701946294,2
9.62775848414,3
9.62780048414,2
9.63010448414,3
9.63014648414,2
9.633432483433,3
9.633474483433,2
9.642107584064,3
9.642149584064,2
9.642293584064,3
9.642335584064,2
9.642686584064,3
9.642728584064,2
9.643232584064,3
9.643274584064,2
9.643544584064,3
9.643586584064,2
9.645584584064,3
9.645626584064,2
9.645720117205,3
9.645762117205,2
9.646014117205,3
9.646056117205,2
9.64618565024,3
9.64622765024,2
9.64657865024,3
9.64662065024,2
9.647260292835,3
9.647302292835,2
9.647476825562,3
9.647518825562,2
9.647644825562,3
9.647686825562,2
9.648253825562,3
9.648295825562,2
9.648371358044,3
9.648413358044,2
9.648515890497,3
9.648557890497,2
9.648665890497,3
9.648707890497,2
9.648819422877,3
9.648861422877,2
9.649026955219,3
9.649068955219,2
9.649239955219,3
9.649281955219,2
9.649375487458,3
9.649417487458,2
9.649538019663,3
9.649580019663,2
9.649673551828,3
9.649715551828,2
9.649845083959,3
9.649887083959,2
9.649968083959,3
9.650010083959,2
9.650559083959,3
9.650601083959,2
9.651168083959,3
9.651210083959,2
9.651975083959,3
9.652017083959,2
9.656291327472,3
9.656333327472,2
9.664754422851,3
9.664796422851,2
9.664940422851,3
9.664982422851,2
9.665054422851,3
9.665096422851,2
9.665207951184,3
9.665249951184,2
9.665304951184,3
9.665346951184,2
9.665401951184,3
9.665443951184,2
9.671096176285,3
9.671142176285,2
9.676913480958,3
9.676947480958,2
9.677494006319,3
9.677528006319,2
9.679253817215,3
9.679299817215,2
9.683327372955,3
9.683373372955,2
9.683755043367,3
9.683801043367,2
9.686207157732,3
9.686253157732,2
9.689866053524,3
9.689912053524,2
9.707777072404,3
9.707811072404,2
9.708424072324,3
9.708458072324,2
9.710567488799,3
9.710601488799,2
9.711322488706,3
9.711356488706,2
9.711538005621,3
9.711572005621,2
9.72777181682,3
9.72780581682,2
9.729362816624,3
9.729396816624,2
9.72957832909,3
9.72961232909,2
9.730694841403,3
9.730728841403,2
9.73091035354,3
9.73094435354,2
9.731451353473,3
9.731485353473,2
9.73212235339,3
9.73215635339,2
9.736925184605,3
9.736959184605,2
9.788007252853,3
9.788041252853,2
9.789680252647,3
9.789714252647,2
9.789895750248,3
9.789929750248,2
9.79044575018,3
9.79047975018,2
9.813853574259,3
9.813887574259,2
9.817279573838,3
9.817313573838,2
9.817495064644,3
9.817529064644,2
9.81793206459,3
9.81796606459,2
9.81834206454,3
9.81837606454,2
9.819013064457,3
9.819047064457,2
9.835337529682,3
9.835371529682,2
9.83907052916,3
9.83910452916,2
9.839705014551,3
9.839739014551,2
9.847437425849,3
9.847471425849,2
9.847652909234,3
9.847686909234,2
9.872941953117,3
9.872975953117,2
9.893336360933,3
9.893370360933,2
9.893551833033,3
9.893585833033,2
9.894596832905,3
9.894630832905,2
9.930243238563,3
9.930277238563,2
9.930458701596,3
9.930492701596,2
10.040116993709,3
10.040150993709,2
10.040679429751,3
10.040713429751,2
10.041014865684,3
10.041048865684,2
10.077642830461,3
10.077676830461,2
10.078865830311,3
10.078899830311,2
10.079081256907,3
10.079115256907,2
10.139402629314,3
10.139436629314,2
10.140510040994,3
10.140544040994,2
10.143225040662,3
10.143259040662,2
10.15006203018,3
10.15009603018,2
10.150277439364,3
10.150311439364,2
10.179093239069,3
10.179127239069,2
10.200413601853,3
10.200447601853,2
10.200628998739,3
10.200662998739,2
10.225192354915,3
10.225226354915,2
10.225407745755,3
10.225441745755,2
10.225898745695,3
10.225932745695,2
10.235949753385,3
10.235983753385,2
10.23737715281,3
10.23741115281,2
10.237957540632,3
10.237991540632,2
10.322604876319,3
10.322638876319,2
10.332045875027,3
10.332079875027,2
10.341368270329,3
10.341402270329,2
10.345720269789,3
10.345754269789,2
10.387752188036,3
10.387786188036,2
10.387967539293,3
10.388001539293,2
10.388386539242,3
10.388420539242,2
10.388868539183,3
10.388902539183,2
10.392066187438,3
10.392100187438,2
10.521828564175,3
10.521862564175,2
10.525041345466,3
10.525075345466,2
10.52871934502,3
10.52875334502,2
10.529416662018,3
10.529450662018,2
10.547193831105,3
10.547227831105,2
10.547409143687,3
10.547443143687,2
10.548558706082,3
10.548592706082,2
10.549697705944,3
10.549731705944,2
10.561993484232,3
10.562027484232,2
10.562256793228,3
10.562290793228,2
10.565671053912,3
10.565705053912,2
10.56695005374,3
10.56698405374,2
10.56716536154,3
10.56719936154,2
10.602047919413,3
10.602081919413,2
10.602682218674,3
10.602716218674,2
10.611408079325,3
10.611442079325,2
10.611623376374,3
10.611657376374,2
10.612123376313,3
10.612157376313,2
10.612509673169,3
10.612543673169,2
10.641337444941,3
10.641371444941,2
10.641552734759,3
10.641586734759,2
10.675450661832,3
10.675484661832,2
10.677679943183,3
10.677713943183,2
10.677895224227,3
10.677929224227,2
10.681045067637,3
10.681079067637,2
10.681737067553,3
10.681771067553,2
10.682393067474,3
10.682427067474,2
10.683230347306,3
10.683264347306,2
10.691419960661,3
10.691453960661,2
10.691635238391,3
10.691669238391,2
10.691964238351,3
10.691998238351,2
10.707890115466,3
10.707924115466,2
10.708524389174,3
10.708558389174,2
10.709308662712,3
10.709342662712,2
10.744970881148,3
10.745004881148,2
10.745716881058,3
10.745750881058,2
10.7459321457,3
10.7459661457,2
10.746953973191,3
10.746987973191,2
10.761708739808,3
10.761742739808,2
10.762283739738,3
10.762317739738,2
10.762792000355,3
10.762826000355,2
10.775162356888,3
10.775196356888,2
10.77537761444,3
10.77541161444,2
10.776215614339,3
10.776249614339,2
10.776478871633,3
10.776512871633,2
10.797439761131,3
10.797473761131,2
10.797975013285,3
10.798009013285,2
10.824169140233,3
10.824203140233,2
10.824834140154,3
10.824868140154,2
10.825315385727,3
10.825349385727,2
10.920354324169,3
10.920388324169,2
10.921078546782,3
10.921112546782,2
10.933173303779,3
10.933207303779,2
10.933654523348,3
10.933688523348,2
10.934121742804,3
10.934155742804,2
10.992215650087,3
10.992249650087,2
10.992750855511,3
10.992784855511,2
11.002823403562,3
11.002857403562,2
11.006795780295,3
11.006829780295,2
11.014018533519,3
11.014052533519,2
11.014475533474,3
11.014509533474,2
11.015095533399,3
11.015129533399,2
11.015310733388,3
11.015344733388,2
11.029521484994,3
11.029555484994,2
11.030173681482,3
11.030207681482,2
11.040072859867,3
11.040106859867,2
11.040764859784,3
11.040798859784,2
11.040980053637,3
11.041014053637,2
11.041354053592,3
11.041388053592,2
11.041728053547,3
11.041762053547,2
11.063634808809,3
11.063668808809,2
11.065252808616,3
11.065286808616,2
11.065467996619,3
11.065501996619,2
11.07450374641,3
11.07453774641,2
11.081120871178,3
11.081154871178,2
11.08790005461,3
11.08793405461,2
11.160872538538,3
11.160906538538,2
11.161429538472,3
11.161463538472,2
11.165653641215,3
11.165687641215,2
11.167695640972,3
11.167729640972,2
11.167910804549,3
11.167944804549,2
11.168419804488,3
11.168453804488,2
11.169077967841,3
11.169111967841,2
11.199646173189,3
11.199680173189,2
11.200163329126,3
11.200197329126,2
11.24812969478,3
11.24816369478,2
11.249619839077,3
11.249653839077,2
11.252027838791,3
11.252061838791,2
11.25582183834,3
11.25585583834,2
11.316758908087,3
11.316792908087,2
11.31697403625,3
11.31700803625,2
11.317704036163,3
11.317738036163,2
11.318195036105,3
11.318229036105,2
11.325941404035,3
11.325975404035,2
11.332880771795,3
11.332914771795,2
11.333322896121,3
11.333356896121,2
11.334059896034,3
11.334093896034,2
11.335120895908,3
11.335154895908,2
11.336100895792,3
11.336134895792,2
11.345914999358,3
11.345948999358,2
11.347077488703,3
11.347111488703,2
11.349271488443,3
11.349305488443,2
11.349956856499,3
11.349990856499,2
11.350171976796,3
11.350205976796,2
11.350694976734,3
11.350728976734,2
11.361236223159,3
11.361270223159,2
11.36393422284,3
11.36396822284,2
11.367371222433,3
11.367405222433,2
11.367586338608,3
11.367620338608,2
11.412075951073,3
11.412109951073,2
11.412291056674,3
11.412325056674,2
11.426343193567,3
11.426377193567,2
11.430259193104,3
11.430293193104,2
11.445759557201,3
11.445793557201,2
11.44746865468,3
11.44750265468,2
11.447958751888,3
11.447992751888,2
11.448940751772,3
11.448974751772,2
11.473616844817,3
11.473650844817,2
11.473831935886,3
11.473865935886,2
11.474232935839,3
11.474266935839,2
11.479998030127,3
11.480032030127,2
11.480213119691,3
11.480247119691,2
11.48106911959,3
11.48110311959,2
11.481416119549,3
11.481450119549,2
11.496298482484,3
11.496332482484,2
11.49716748235,3
11.49720148235,2
11.502865846113,3
11.502899846113,2
11.503676930217,3
11.503710930217,2
11.504781582463,3
11.504815582463,2
11.518060596967,3
11.518094596967,2
11.520714245797,3
11.520748245797,2
11.523647245451,3
11.523681245451,2
11.524148245382,3
11.524182245382,2
11.528028892672,3
11.528062892672,2
11.528243970916,3
11.528277970916,2
11.549165990843,3
11.549199990843,2
11.551240353756,3
11.551274353756,2
11.552338426442,3
11.552372426442,2
11.552922426373,3
11.552956426373,2
11.553137498757,3
11.553171498757,2
11.55344557108,3
11.55347957108,2
11.578355931002,3
11.578389931002,2
11.579025997349,3
11.579059997349,2
11.60697499107,3
11.60700899107,2
11.607681050687,3
11.607715050687,2
11.607965050654,3
11.607999050654,2
11.612431679199,3
11.612465679199,2
11.634981037422,3
11.635015037422,2
11.645056659155,3
11.645090659155,2
11.646593658975,3
11.646627658975,2
11.649073709084,3
11.649107709084,2
11.653772708533,3
11.653806708533,2
11.660011068425,3
11.660045068425,2
11.660226115652,3
11.660260115652,2
11.713655469311,3
11.713689469311,2
11.71387050397,3
11.71390450397,2
11.714352503913,3
11.714386503913,2
11.789244780423,3
11.789278780423,2
11.792834780004,3
11.792868780004,2
11.793049796153,3
11.793083796153,2
11.800232367191,3
11.800266367191,2
11.81084236585,3
11.81087636585,2
11.857999534854,3
11.858033534854,2
11.860509534561,3
11.860543534561,2
11.866145107179,3
11.866179107179,2
11.866655107109,3
11.866689107109,2
12.652815156001,3
12.652857156001,2
12.654849867037,3
12.654895867037,2
12.656178044152,3
12.656224044152,2
12.660418844228,3
12.660464844228,2
12.661518501129,3
12.661564501129,2
12.662809586027,3
12.662855586027,2
12.663061196264,3
12.663107196264,2
12.664977295164,3
12.665023295164,2
12.666391797653,3
12.666437797653,2
12.666623613105,3
12.666669613105,2
12.666967347739,3
12.667013347739,2
12.668285383002,3
12.668331383002,2
12.672216776408,3
12.672262776408,2
12.672317776408,3
12.672363776408,2
12.672845034973,3
12.672891034973,2
12.672947608369,3
12.672993608369,2
12.676295825197,3
12.676341825197,2
12.676425392079,3
12.676471392079,2
12.679426918133,3
12.679472918133,2
12.679934403258,3
12.679980403258,2
12.680529490284,3
12.680575490284,2
12.682362882825,3
12.682408882825,2
12.688648221364,3
12.688682221364,2
12.690210619828,3
12.690244619828,2
12.704669295819,3
12.704703295819,2
12.70488410265,3
12.70491810265,2
12.705285102605,3
12.705319102605,2
12.720484439568,3
12.720518439568,2
12.733151830238,3
12.733185830238,2
12.733423630649,3
12.733457630649,2
12.748712967102,3
12.748746967102,2
12.748927764017,3
12.748961764017,2
12.801306635873,3
12.801340635873,2
12.801521420972,3
12.801555420972,2
12.811682684535,3
12.811716684535,2
12.813021684385,3
12.813055684385,2
12.813236466856,3
12.813270466856,2
12.831553511591,3
12.831587511591,2
12.831816289903,3
12.831850289903,2
12.850028518738,3
12.850062518738,2
12.850243292915,3
12.850277292915,2
12.86054096403,3
12.86057496403,2
12.861250963951,3
12.861284963951,2
12.862302963833,3
12.862336963833,2
12.862517735263,3
12.862551735263,2
12.889795632542,3
12.889829632542,2
12.890010397823,3
12.890044397823,2
12.891897755764,3
12.891931755764,2
12.893155755623,3
12.893189755623,2
12.893559755578,3
12.893593755578,2
12.906557089572,3
12.906591089572,2
12.927533087013,3
12.927567087013,2
12.928231086912,3
12.928265086912,2
12.946317419424,3
12.946351419424,2
12.94653217209,3
12.94656617209,2
12.955391852456,3
12.955425852456,2
12.955606603099,3
12.955640603099,2
12.972343184891,3
12.972377184891,2
12.97255793176,3
12.97259193176,2
13.005747596106,3
13.005781596106,2
13.006358596038,3
13.006392596038,2
13.007428595919,3
13.007462595919,2
13.009092595734,3
13.009126595734,2
13.009307334427,3
13.009341334427,2
13.035940999202,3
13.035974999202,2
13.036155731933,3
13.036189731933,2
13.056095328751,3
13.056129328751,2
13.05658505698,3
13.05661905698,2
13.072211326825,3
13.072245326825,2
13.072426051512,3
13.072460051512,2
13.09272232438,3
13.09275632438,2
13.126308316117,3
13.126342316117,2
13.12790831594,3
13.12794231594,2
13.128123028303,3
13.128157028303,2
13.168569343478,3
13.168603343478,2
13.169852343337,3
13.169886343337,2
13.170743046378,3
13.170777046378,2
13.170957749287,3
13.170991749287,2
13.171202452146,3
13.171236452146,2
13.172262452029,3
13.172296452029,2
13.176989782481,3
13.177023782481,2
13.177204484012,3
13.177238484012,2
13.20019011068,3
13.20022411068,2
13.204769110176,3
13.204803110176,2
13.204983805589,3
13.205017805589,2
13.205483805534,3
13.205517805534,2
13.230408463441,3
13.230442463441,2
13.230623153214,3
13.230657153214,2
13.232251453461,3
13.232285453461,2
13.233021783435,3
13.233055783435,2
13.248707732758,3
13.248741732758,2
13.2510537325,3
13.2510877325,2
13.253383732245,3
13.253417732245,2
13.261670731335,3
13.261704731335,2
13.26188541424,3
13.26191941424,2
13.315473022973,3
13.315507022973,2
13.315687694086,3
13.315721694086,2
13.393599960258,3
13.393633960258,2
13.408452201584,3
13.408486201584,2
13.408666852398,3
13.408700852398,2
13.409325109945,3
13.409359109945,2
13.409717109902,3
13.409751109902,2
13.410068760436,3
13.410102760436,2
13.410283410898,3
13.410317410898,2
13.411355410781,3
13.411389410781,2
13.418228994479,3
13.418262994479,2
13.419262994366,3
13.419296994366,2
13.419477642827,3
13.419511642827,2
13.443386222658,3
13.443420222658,2
13.443600865871,3
13.443634865871,2
13.445875443622,3
13.445909443622,2
13.446117443596,3
13.446151443596,2
13.466656094891,3
13.466690094891,2
13.46687073305,3
13.46690473305,2
13.476096993682,3
13.476130993682,2
13.476311629791,3
13.476345629791,2
13.477320629682,3
13.477354629682,2
13.509937870667,3
13.509971870667,2
13.51015249944,3
13.51018649944,2
13.513655063666,3
13.513689063666,2
13.547246059822,3
13.547280059822,2
13.549035059629,3
13.549069059629,2
13.549249679944,3
13.549283679944,2
13.56696555995,3
13.56699955995,2
13.567545176352,3
13.567579176352,2
13.600173472787,3
13.600207472787,2
13.600746472715,3
13.600780472715,2
13.601134081862,3
13.601168081862,2
13.602506690809,3
13.602540690809,2
13.602760299583,3
13.602794299583,2
13.627219167738,3
13.627253167738,2
13.627924771141,3
13.627958771141,2
13.628712771056,3
13.628746771056,2
13.62976537411,3
13.62979937411,2
13.630862976922,3
13.630896976922,2
13.640909192039,3
13.640943192039,2
13.642338191886,3
13.642372191886,2
13.642552792091,3
13.642586792091,2
13.703043509314,3
13.703077509314,2
13.704688509138,3
13.704722509138,2
13.705362509066,3
13.705396509066,2
13.705577095747,3
13.705611095747,2
13.719635620089,3
13.719669620089,2
13.81363713274,3
13.81367113274,2
13.813851696307,3
13.813885696307,2
13.822601661761,3
13.822635661761,2
13.82281622342,3
13.82285022342,2
13.830317486402,3
13.830351486402,2
13.830762046396,3
13.830796046396,2
13.833871808002,3
13.833905808002,2
13.838418807482,3
13.838452807482,2
13.83882536576,3
13.83885936576,2
13.870588540701,3
13.870622540701,2
13.87080309217,3
13.87083709217,2
13.891229675383,3
13.891263675383,2
13.89211067529,3
13.89214467529,2
13.892325222198,3
13.892359222198,2
13.89273076905,3
13.89276476905,2
13.892945315827,3
13.892979315827,2
13.910265935942,3
13.910299935942,2
13.915026577514,3
13.915060577514,2
13.915414119565,3
13.915448119565,2
13.915628661542,3
13.915662661542,2
13.940633437759,3
13.940667437759,2
13.942035437611,3
13.942069437611,2
13.942249973964,3
13.942283973964,2
13.944298973748,3
13.944332973748,2
14.004231287786,3
14.004265287786,2
14.004445811035,3
14.004479811035,2
14.004702811008,3
14.004736811008,2
14.08302359828,3
14.08305759828,2
14.085142917219,3
14.085176917219,2
14.085668423468,3
14.085702423468,2
14.086249423407,3
14.086283423407,2
14.086807929423,3
14.086841929423,2
14.107972337584,3
14.108006337584,2
14.108925337484,3
14.108959337484,2
14.109423838766,3
14.109457838766,2
14.110724476396,3
14.110758476396,2
14.111866977244,3
14.111900977244,2
14.11406747604,3
14.11410147604,2
14.114281976278,3
14.114315976278,2
14.114624476468,3
14.114658476468,2
14.1152714764,3
14.1153054764,2
14.115485976387,3
14.115519976387,2
14.131467923068,3
14.131501923068,2
14.131682419676,3
14.131716419676,2
14.132412419599,3
14.132446419599,2
14.220049550231,3
14.220083550231,2
14.220575028392,3
14.220609028392,2
14.220949028354,3
14.220983028354,2
14.2689106583,3
14.2689446583,2
14.269125126385,3
14.269159126385,2
14.302095226194,3
14.302129226194,2
14.302809687382,3
14.302843687382,2
14.327184223487,3
14.327218223487,2
14.363556536043,3
14.363590536043,2
14.366585535733,3
14.366619535733,2
14.372561167843,3
14.372595167843,2
14.380371116079,3
14.380405116079,2
14.381264115978,3
14.381298115978,2
14.382280560877,3
14.382314560877,2
14.382495005641,3
14.382529005641,2
14.382828450358,3
14.382862450358,2
14.38304289501,3
14.38307689501,2
14.383380894975,3
14.383414894975,2
14.391165876198,3
14.391199876198,2
14.391380319143,3
14.391414319143,2
14.419696632313,3
14.419730632313,2
14.420603632221,3
14.420637632221,2
14.476287704368,3
14.476321704368,2
14.476903129899,3
14.476937129899,2
14.487806444212,3
14.487840444212,2
14.488669444125,3
14.488703444125,2
14.488883867179,3
14.488917867179,2
14.489203867146,3
14.489237867146,2
14.49161649759,3
14.49165049759,2
14.492719497478,3
14.492753497478,2
14.508588756827,3
14.508622756827,2
14.512174071644,3
14.512208071644,2
14.512388489925,3
14.512422489925,2
14.513298489833,3
14.513332489833,2
14.513730907873,3
14.513764907873,2
14.513945325838,3
14.513979325838,2
14.517984804502,3
14.518018804502,2
14.555204745402,3
14.555238745402,2
14.555419154966,3
14.555453154966,2
14.568123468461,3
14.568157468461,2
14.568743468399,3
14.568777468399,2
14.573339189478,3
14.573373189478,2
14.59918950127,3
14.59922350127,2
14.599403901955,3
14.599437901955,2
14.600086815645,3
14.600120815645,2
14.600373815616,3
14.600407815616,2
14.638631330309,3
14.638669330309,2
15.638567330309,3
15.638605330309,2
15.779543089681,3
15.779585089681,2
15.785613835042,3
15.785659835042,2
15.790062521782,3
15.790108521782,2
15.790569968179,3
15.790615968179,2
15.791535154486,3
15.791581154486,2
15.797755097761,3
15.797801097761,2
15.798202831124,3
15.798248831124,2
16.638567330309,3
16.638605330309,2
18.948076801465,3
18.948114801465,2
18.948303801465,3
18.948341801465,2
18.948908801465,3
18.948946801465,2
18.949900801465,3
18.949938801465,2
18.950397801465,3
18.950435801465,2
18.952991801465,3
18.953029801465,2
18.956134801465,3
18.956172801465,2
19.780412822505,3
19.780454822505,2
19.780661822505,3
19.780703822505,2
19.780892822505,3
19.780934822505,2
19.782146051156,3
19.782188051156,2
19.782494051156,3
19.782536051156,2
19.783959306085,3
19.784001306085,2
19.787682306085,3
19.787724306085,2
19.790312363796,3
19.790354363796,2
19.793090307988,3
19.793132307988,2
19.798397221845,3
19.798439221845,2
19.799468329192,3
19.799510329192,2
19.800001461672,3
19.800043461672,2
19.804434696464,3
19.804476696464,2
19.805482898379,3
19.805524898379,2
19.817533425908,3
19.817575425908,2
19.825420017395,3
19.825462017395,2
19.834036852449,3
19.834078852449,2
19.838582238859,3
19.838624238859,2
19.84089092662,3
19.84093292662,2
19.841103080721,3
19.841145080721,2
19.841299080721,3
19.841341080721,2
19.841548080721,3
19.841590080721,2
19.842202080721,3
19.842244080721,2
19.842433080721,3
19.842475080721,2
19.844482080721,3
19.844524080721,2
19.847098804156,3
19.847140804156,2
19.855924804156,3
19.855966804156,2
19.856092804156,3
19.856134804156,2
19.856330528719,3
19.856372528719,2
19.856552528719,3
19.856594528719,2
19.856801528719,3
19.856843528719,2
19.856922253351,3
19.856964253351,2
19.857036253351,3
19.857078253351,2
19.857690253351,3
19.857732253351,2
19.858542253351,3
19.858584253351,2
19.858779978154,3
19.858821978154,2
19.859109978154,3
19.859151978154,2
19.859538978154,3
19.859580978154,2
19.860462978154,3
19.860504978154,2
19.861026978154,3
19.861068978154,2
19.862481978154,3
19.862523978154,2
19.866942978154,3
19.866984978154,2
19.867117703779,3
19.867159703779,2
19.867249703779,3
19.867291703779,2
19.867885703779,3
19.867927703779,2
19.868674703779,3
19.868716703779,2
19.870732703779,3
19.870774703779,2
19.871575703779,3
19.871617703779,2
19.873417703779,3
19.873459703779,2
19.873603703779,3
19.873645703779,2
19.873789703779,3
19.873831703779,2
19.873912703779,3
19.873954703779,2
19.874503703779,3
19.874545703779,2
19.875220703779,3
19.875262703779,2
19.877413703779,3
19.877455703779,2
19.87757043043,3
19.87761243043,2
19.87793643043,3
19.87797843043,2
19.87814043043,3
19.87818243043,2
19.878297157153,3
19.878339157153,2
19.878546157153,3
19.878588157153,2
19.878684883915,3
19.878726883915,2
19.879077883915,3
19.879119883915,2
19.879191883915,3
19.879233883915,2
19.880268883915,3
19.880310883915,2
19.881939883915,3
19.881981883915,2
19.885329883915,3
19.885371883915,2
19.890366883915,3
19.890408883915,2
19.890570883915,3
19.890612883915,2
19.890738883915,3
19.890780883915,2
19.891320883915,3
19.891362883915,2
19.892523883915,3
19.892565883915,2
19.892655883915,3
19.892697883915,2
19.895937883915,3
19.895979883915,2
19.896933883915,3
19.896975883915,2
19.905543883915,3
19.905585883915,2
19.905700613328,3
19.905742613328,2
19.905911342757,3
19.905953342757,2
19.906223342757,3
19.906265342757,2
19.906346342757,3
19.906388342757,2
19.90659307225,3
19.90663507225,2
19.90695907225,3
19.90700107225,2
19.90729807225,3
19.90734007225,2
19.907499801836,3
19.907541801836,2
19.907622801836,3
19.907664801836,2
19.908033801836,3
19.908075801836,2
19.908208531495,3
19.908250531495,2
19.908520531495,3
19.908562531495,2
19.908895531495,3
19.908937531495,2
19.909459531495,3
19.909501531495,2
19.909679261294,3
19.909721261294,2
19.909811261294,3
19.909853261294,2
19.910231261294,3
19.910273261294,2
19.910642261294,3
19.910684261294,2
19.910762991209,3
19.910804991209,2
19.911020991209,3
19.911062991209,2
19.911269991209,3
19.911311991209,2
19.911626991209,3
19.911668991209,2
19.912082991209,3
19.912124991209,2
19.912781991209,3
19.912823991209,2
19.912938721334,3
19.912980721334,2
19.913241721334,3
19.913283721334,2
19.913409721334,3
19.913451721334,2
19.914549721334,3
19.914591721334,2
19.916904721334,3
19.916946721334,2
19.917873721334,3
19.917915721334,2
19.926627721334,3
19.926669721334,2
19.926784452823,3
19.926826452823,2
19.927060452823,3
19.927102452823,2
19.927714452823,3
19.927756452823,2
19.928800452823,3
19.928842452823,2
19.930039452823,3
19.930081452823,2
19.931017452823,3
19.931059452823,2
19.933975452823,3
19.934017452823,2
19.934125452823,3
19.934167452823,2
19.934374452823,3
19.934416452823,2
19.934848452823,3
19.934890452823,2
19.935880452823,3
19.935922452823,2
19.937317452823,3
19.937359452823,2
19.939600452823,3
19.939642452823,2
19.941658452823,3
19.941700452823,2
19.943725452823,3
19.943767452823,2
19.946179452823,3
19.946221452823,2
19.953107810954,3
19.953149810954,2
19.954247810954,3
19.954289810954,2
19.957007810954,3
19.957049810954,2
19.964726810954,3
19.964768810954,2
19.964856546205,3
19.964898546205,2
19.965049281469,3
19.965091281469,2
19.965182281469,3
19.965224281469,2
19.965296281469,3
19.965338281469,2
19.965536281469,3
19.965578281469,2
19.9657560168,3
19.9657980168,2
19.9661220168,3
19.9661640168,2
19.9667670168,3
19.9668090168,2
19.9673670168,3
19.9674090168,2
19.9675800168,3
19.9676220168,2
19.9715730168,3
19.9716150168,2
19.9733430168,3
19.9733850168,2
19.9735380168,3
19.9735800168,2
19.9737150168,3
19.9737570168,2
19.9738920168,3
19.9739340168,2
19.9750500168,3
19.9750920168,2
19.9759200168,3
19.9759620168,2
19.9805520168,3
19.9805940168,2
19.9829070168,3
19.9829490168,2
19.9859910168,3
19.9860330168,2
19.986165754157,3
19.986207754157,2
19.986540754157,3
19.986582754157,2
19.986843754157,3
19.986885754157,2
19.987038754157,3
19.987080754157,2
19.988223754157,3
19.988265754157,2
19.990578754157,3
19.990620754157,2
19.99078949197,3
19.99083149197,2
19.99094849197,3
19.99099049197,2
19.99116149197,3
19.99120349197,2
19.99176149197,3
19.99180349197,2
19.99363949197,3
19.99368149197,2
19.99790249197,3
19.99794449197,2
19.998032230509,3
19.998074230509,2
19.998164230509,3
19.998206230509,2
19.998674230509,3
19.998716230509,2
19.999814230509,3
19.999856230509,2
20.000873230509,3
20.000915230509,2
20.001473230509,3
20.001515230509,2
20.006564230509,3
20.006606230509,2
20.006768230509,3
20.006810230509,2
20.006999230509,3
20.007041230509,2
20.007374230509,3
20.007416230509,2
20.00755796999,3
20.00759996999,2
20.00781596999,3
20.00785796999,2
20.007945709515,3
20.007987709515,2
20.008084449052,3
20.008126449052,2
20.008405449052,3
20.008447449052,2
20.008816449052,3
20.008858449052,2
20.009956449052,3
20.009998449052,2
20.011798449052,3
20.011840449052,2
20.014099449052,3
20.014141449052,2
20.020702449052,3
20.020744449052,2
20.020949189858,3
20.020991189858,2
20.021207189858,3
20.021249189858,2
20.021636189858,3
20.021678189858,2
20.022371189858,3
20.022413189858,2
20.023394189858,3
20.023436189858,2
20.023640930932,3
20.023682930932,2
20.023871930932,3
20.023913930932,2
20.024282930932,3
20.024324930932,2
20.025449930932,3
20.025491930932,2
20.025624672211,3
20.025666672211,2
20.025936672211,3
20.025978672211,2
20.026050672211,3
20.026092672211,2
20.02627041355,3
20.02631241355,2
20.02651941355,3
20.02656141355,2
20.02678641355,3
20.02682841355,2
20.02741341355,3
20.02745541355,2
20.027615155024,3
20.027657155024,2
20.027972155024,3
20.028014155024,2
20.028347155024,3
20.028389155024,2
20.028506155024,3
20.028548155024,2
20.030789155024,3
20.030831155024,2
20.032622155024,3
20.032664155024,2
20.041016155024,3
20.041058155024,2
20.041136897853,3
20.041178897853,2
20.041484897853,3
20.041526897853,2
20.04168664073,3
20.04172864073,2
20.04180964073,3
20.04185164073,2
20.04248164073,3
20.04252364073,2
20.04336964073,3
20.04341164073,2
20.04460864073,3
20.04465064073,2
20.04795364073,3
20.04799564073,2
20.048137384251,3
20.048179384251,2
20.048251384251,3
20.048293384251,2
20.048716384251,3
20.048758384251,2
20.049415384251,3
20.049457384251,2
20.050636384251,3
20.050678384251,2
20.053972384251,3
20.054014384251,2
20.060989384251,3
20.061031384251,2
20.061139384251,3
20.061181384251,2
20.061298384251,3
20.061340384251,2
20.061844384251,3
20.061886384251,2
20.062462384251,3
20.062504384251,2
20.063953384251,3
20.063995384251,2
20.067163384251,3
20.067205384251,2
20.073082384251,3
20.073124384251,2
20.073266130284,3
20.073308130284,2
20.073461130284,3
20.073503130284,2
20.073989130284,3
20.074031130284,2
20.075174130284,3
20.075216130284,2
20.076755130284,3
20.076797130284,2
20.080523130284,3
20.080565130284,2
20.080652877061,3
20.080694877061,2
20.081000877061,3
20.081042877061,2
20.081492877061,3
20.081534877061,2
20.081750877061,3
20.081792877061,2
20.082701877061,3
20.082743877061,2
20.083553877061,3
20.083595877061,2
20.089445877061,3
20.089487877061,2
20.089694877061,3
20.089736877061,2
20.089869624757,3
20.089911624757,2
20.090172624757,3
20.090214624757,2
20.090410372501,3
20.090452372501,2
20.090542372501,3
20.090584372501,2
20.090753120282,3
20.090795120282,2
20.091065120282,3
20.091107120282,2
20.091485120282,3
20.091527120282,2
20.091797120282,3
20.091839120282,2
20.093234120282,3
20.093276120282,2
20.096939120282,3
20.096981120282,2
20.103488120282,3
20.103530120282,2
20.103647120282,3
20.103689120282,2
20.103726120282,3
20.103764120282,2
20.104043120282,3
20.104081120282,2
20.104207120282,3
20.104245120282,2
20.105055120282,3
20.105093120282,2
20.105489120282,3
20.105527120282,2
20.109892120282,3
20.109930120282,2
20.112063120282,3
20.112101120282,2
22.959015267612,3
22.959053267612,2
22.959278267612,3
22.959316267612,2
22.959460267612,3
22.959498267612,2
22.959669267612,3
22.959707267612,2
22.961444267612,3
22.961482267612,2
22.962328267612,3
22.962366267612,2
22.969044267612,3
22.969082267612,2
22.977163651481,3
22.977197651481,2
22.977546651503,3
22.977580651503,2
22.981107651708,3
22.981141651708,2
22.998191652693,3
22.998225652693,2
23.042114655261,3
23.042148655261,2
23.046651655527,3
23.046685655527,2
23.049933655714,3
23.049967655714,2
23.060325656325,3
23.060359656325,2
23.060546050374,3
23.060580050374,2
23.065687444733,3
23.065721444733,2
23.075380445311,3
23.075414445311,2
23.077769841263,3
23.077803841263,2
23.085449841712,3
23.085483841712,2
23.086051841748,3
23.086085841748,2
23.086736238862,3
23.086770238862,2
23.087092238883,3
23.087126238883,2
23.101116239715,3
23.101150239715,2
23.110162639107,3
23.110196639107,2
23.115995639459,3
23.116029639459,2
23.117135040151,3
23.117169040151,2
23.118319440987,3
23.118353440987,2
23.119458441055,3
23.119492441055,2
23.119905842118,3
23.119939842118,2
23.120126243227,3
23.120160243227,2
23.122720243381,3
23.122754243381,2
23.125560243551,3
23.125594243551,2
23.134987244113,3
23.135021244113,2
23.147356244854,3
23.147390244854,2
23.192013247546,3
23.192047247546,2
23.195570657517,3
23.195604657517,2
23.200609657823,3
23.200643657823,2
23.200830068639,3
23.200864068639,2
23.204828068882,3
23.204862068882,2
23.206660068993,3
23.206694068993,2
23.209030069132,3
23.209064069132,2
23.213688069415,3
23.213722069415,2
23.2150820695,3
23.2151160695,2
23.219290069761,3
23.219324069761,2
23.22987148348,3
23.22990548348,2
23.232035897975,3
23.232069897975,2
23.239259898416,3
23.239293898416,2
23.245517898795,3
23.245551898795,2
23.247162315173,3
23.247196315173,2
23.251748315454,3
23.251782315454,2
23.256060315713,3
23.256094315713,2
23.261687733628,3
23.261721733628,2
23.26588473388,3
23.26591873388,2
23.267331733969,3
23.267365733969,2
23.280953734808,3
23.280987734808,2
23.294365735643,3
23.294399735643,2
23.311340158979,3
23.311374158979,2
23.311560583386,3
23.311594583386,2
23.319042583851,3
23.319076583851,2
23.321702584016,3
23.321736584016,2
23.327267010038,3
23.327301010038,2
23.339046010773,3
23.339080010773,2
23.340682010881,3
23.340716010881,2
23.342037010965,3
23.342071010965,2
23.342403439199,3
23.342437439199,2
23.342987439236,3
23.343021439236,2
23.357517440145,3
23.357551440145,2
23.35846444021,3
23.35849844021,2
23.407240443283,3
23.407274443283,2
23.412830880049,3
23.412864880049,2
23.413952317247,3
23.413986317247,2
23.414353317272,3
23.414387317272,2
23.420181317641,3
23.420215317641,2
23.421340317715,3
23.421374317715,2
23.446775319328,3
23.446809319328,2
23.446995760785,3
23.447029760785,2
23.459938761606,3
23.459972761606,2
23.460578204772,3
23.460612204772,2
23.464409205017,3
23.464443205017,2
23.467121648882,3
23.467155648882,2
23.475558649429,3
23.475592649429,2
23.477305649541,3
23.477339649541,2
23.489904650345,3
23.489938650345,2
23.508000651511,3
23.508034651511,2
23.509766100928,3
23.509800100928,2
23.55933010414,3
23.55936410414,2
23.559915560145,3
23.559949560145,2
23.570770016891,3
23.570804016891,2
23.571684474412,3
23.571718474412,2
23.580807475003,3
23.580841475003,2
23.593197475815,3
23.593231475815,2
23.621704477698,3
23.621738477698,2
23.623769941981,3
23.623803941981,2
23.624704942043,3
23.624738942043,2
23.627043942198,3
23.627077942198,2
23.633362942622,3
23.633396942622,2
23.634439408387,3
23.634473408387,2
23.635104408431,3
23.635138408431,2
23.641468874771,3
23.641502874771,2
23.642643874855,3
23.642677874855,2
23.653396342493,3
23.653430342493,2
23.653626342508,3
23.653660342508,2
23.705417345965,3
23.705451345965,2
23.709301346225,3
23.709335346225,2
23.715296346628,3
23.715330346628,2
23.717217823372,3
23.717251823372,2
23.718258300321,3
23.718292300321,2
23.718589777361,3
23.718623777361,2
23.719056777393,3
23.719090777393,2
23.723139777667,3
23.723173777667,2
23.73276477831,3
23.73279877831,2
23.734165257377,3
23.734199257377,2
23.73792425763,3
23.73795825763,2
23.738371737322,3
23.738405737322,2
23.746736737887,3
23.746770737887,2
23.748262737997,3
23.748296737997,2
23.757787738641,3
23.757821738641,2
23.763670739034,3
23.763704739034,2
23.767458739291,3
23.767492739291,2
23.77481973979,3
23.77485373979,2
23.775736739853,3
23.775770739853,2
23.783709740395,3
23.783743740395,2
23.788322740715,3
23.788356740715,2
23.789552227295,3
23.789586227295,2
23.79037022735,3
23.79040422735,2
23.794507227632,3
23.794541227632,2
23.803481228251,3
23.803515228251,2
23.804044228289,3
23.804078228289,2
23.810467228728,3
23.810501228728,2
23.823196229599,3
23.823230229599,2
23.824110720923,3
23.824144720923,2
23.825009720985,3
23.825043720985,2
23.836471721771,3
23.836505721771,2
23.839980722019,3
23.840014722019,2
23.842118722166,3
23.842152722166,2
23.861729723511,3
23.861763723511,2
23.889143725414,3
23.889177725414,2
23.930211728267,3
23.930245728267,2
23.940882729013,3
23.940916729013,2
23.950717729709,3
23.950751729709,2
23.974241731355,3
23.974275731355,2
23.975471243699,3
23.975505243699,2
23.98058924406,3
23.98062324406,2
23.981827757299,3
23.981861757299,2
23.989416757828,3
23.989450757828,2
23.997548758403,3
23.997582758403,2
24.009717759271,3
24.009751759271,2
24.018927277194,3
24.018961277194,2
24.019774277254,3
24.019808277254,2
24.100970283059,3
24.101004283059,2
24.104833813636,3
24.104867813636,2
24.105437344541,3
24.105471344541,2
24.115774345286,3
24.115808345286,2
24.143747347303,3
24.143781347303,2
24.144913883875,3
24.144947883875,2
24.153012884456,3
24.153046884456,2
24.153517422324,3
24.153551422324,2
24.161190422875,3
24.161224422875,2
24.161712961933,3
24.161746961933,2
24.162212961969,3
24.162246961969,2
24.174571962869,3
24.174605962869,2
24.175585962936,3
24.175619962936,2
24.205481965128,3
24.205515965128,2
24.215517965864,3
24.215551965864,2
24.216181512871,3
24.216215512871,2
24.216882512922,3
24.216916512922,2
24.217952513001,3
24.217986513001,2
24.230669115296,3
24.230711115296,2
24.235285350557,3
24.235327350557,2
24.238586894849,3
24.238628894849,2
24.239066083809,3
24.239108083809,2
24.240306141686,3
24.240348141686,2
24.240447141686,3
24.240489141686,2
24.240925988138,3
24.240967988138,2
24.241608509107,3
24.241650509107,2
24.242959036277,3
24.243001036277,2
24.243739698785,3
24.243781698785,2
24.243864630989,3
24.243906630989,2
24.244044776185,3
24.244086776185,2
24.244230776185,3
24.244272776185,2
24.244587776185,3
24.244629776185,2
24.245884702219,3
24.245926702219,2
24.246018634727,3
24.246060634727,2
24.246213634727,3
24.246255634727,2
24.247197025539,3
24.247239025539,2
24.247606039291,3
24.247648039291,2
24.248926417794,3
24.248968417794,2
24.249223212992,3
24.249265212992,2
24.249456145972,3
24.249498145972,2
24.249635078986,3
24.249677078986,2
24.250216571645,3
24.250258571645,2
24.252897985864,3
24.252939985864,2
24.253056985864,3
24.253098985864,2
24.253806919427,3
24.253848919427,2
24.253920919427,3
24.253962919427,2
24.254457919427,3
24.254499919427,2
24.256510178476,3
24.256552178476,2
24.273437652008,3
24.273479652008,2
24.292143063516,3
24.292185063516,2
24.292320063516,3
24.292362063516,2
24.299156649521,3
24.299198649521,2
24.376202355623,3
24.376244355623,2
24.376948306862,3
24.376982306862,2
24.377162258177,3
24.377196258177,2
24.377603209534,3
24.377637209534,2
24.377817160945,3
24.377851160945,2
24.378272160978,3
24.378306160978,2
24.378704112495,3
24.378738112495,2
24.378918064066,3
24.378952064066,2
24.380644941021,3
24.380686941021,2
24.382389892985,3
24.382423892985,2
24.382731845095,3
24.382765845095,2
24.382945797252,3
24.382979797252,2
24.383481224713,3
24.383515224713,2
24.383695176979,3
24.383729176979,2
24.383937129285,3
24.383979129285,2
24.385654529787,3
24.385696529787,2
24.396843104791,3
24.396889104791,2
24.400760577617,3
24.400806577617,2
24.403837899147,3
24.403883899147,2
24.404855257788,3
24.404901257788,2
24.408832692218,3
24.408878692218,2
24.411725244382,3
24.411771244382,2
24.412220539085,3
24.412266539085,2
24.414617569992,3
24.414663569992,2
24.418661242082,3
24.418707242082,2
24.430401516291,3
24.430435516291,2
24.430615475422,3
24.430649475422,2
24.505566006897,3
24.505600006897,2
24.50577997716,3
24.50581397716,2
24.520358011325,3
24.520392011325,2
24.520571983798,3
24.520605983798,2
24.520846983819,3
24.520880983819,2
24.523705984033,3
24.523739984033,2
24.53335449049,3
24.53338849049,2
24.533568464909,3
24.533602464909,2
24.537715034475,3
24.537749034475,2
24.537929009549,3
24.537963009549,2
24.549429541786,3
24.549463541786,2
24.581446053066,3
24.581480053066,2
24.58166003473,3
24.58169403473,2
24.596941590512,3
24.596975590512,2
24.597403574543,3
24.597437574543,2
24.602213083841,3
24.602247083841,2
24.631072596468,3
24.631106596468,2
24.632169585743,3
24.632203585743,2
24.635359641073,3
24.635393641073,2
24.635907641115,3
24.635941641115,2
24.795318230742,3
24.795352230742,2
24.795532245401,3
24.795566245401,2
24.843903334767,3
24.843937334767,2
24.844117357094,3
24.844151357094,2
24.862825378211,3
24.862859378211,2
24.883166423563,3
24.883200423563,2
24.883380452132,3
24.883414452132,2
24.902353498585,3
24.902387498585,2
24.902964498634,3
24.902998498634,2
24.903178530366,3
24.903212530366,2
24.903417530385,3
24.903451530385,2
24.906129022134,3
24.906163022134,2
24.906343054372,3
24.906377054372,2
24.917492207677,3
24.917526207677,2
24.91828320774,3
24.91831720774,2
24.918497241926,3
24.918531241926,2
24.92523434972,3
24.92526834972,2
24.967807354154,3
24.967841354154,2
24.968021396316,3
24.968055396316,2
24.982729450947,3
24.982763450947,2
24.983709451026,3
24.983743451026,2
24.984320451076,3
24.984354451076,2
24.984534495912,3
24.984568495912,2
25.000560572155,3
25.000594572155,2
25.000774619627,3
25.000808619627,2
25.019157801038,3
25.019191801038,2
25.019371851537,3
25.019405851537,2
25.019741902083,3
25.019775902083,2
25.049269804227,3
25.049303804227,2
25.049862804276,3
25.049896804276,2
25.050076859792,3
25.050110859792,2
25.070524923251,3
25.070558923251,2
25.071710923349,3
25.071744923349,2
25.071924982449,3
25.071958982449,2
25.090844061237,3
25.090878061237,2
25.092453200897,3
25.092487200897,2
25.092667263411,3
25.092701263411,2
25.093095263446,3
25.093129263446,2
25.122237331546,3
25.122271331546,2
25.130163399819,3
25.130197399819,2
25.130377468567,3
25.130411468567,2
25.184646546757,3
25.184680546757,2
25.247719629266,3
25.247753629266,2
25.2482897177,3
25.2483237177,2
25.248582717725,3
25.248616717725,2
25.251292717953,3
25.251326717953,2
25.264583429558,3
25.264617429558,2
25.26479752081,3
25.26483152081,2
25.265261520849,3
25.265295520849,2
25.357793980355,3
25.357827980355,2
25.360473980584,3
25.360507980584,2
25.37049607249,3
25.37053007249,2
25.370710181778,3
25.370744181778,2
25.431841940421,3
25.431875940421,2
25.432056060275,3
25.432090060275,2
25.451911492335,3
25.451945492335,2
25.452125615665,3
25.452159615665,2
25.458976703103,3
25.459010703103,2
25.473795805783,3
25.473829805783,2
25.474009932913,3
25.474043932913,2
25.474802932982,3
25.474836932982,2
25.483898587325,3
25.483932587325,2
25.484112716213,3
25.484146716213,2
25.484369716236,3
25.484403716236,2
25.489191356049,3
25.489225356049,2
25.489847356106,3
25.489881356106,2
25.490435486063,3
25.490469486063,2
25.490701486086,3
25.490735486086,2
25.49166048617,3
25.49169448617,2
25.495529808515,3
25.495563808515,2
25.495743939431,3
25.495777939431,2
25.496018939455,3
25.496052939455,2
25.49687407051,3
25.49690807051,2
25.505370825941,3
25.505412825941,2
25.505700825941,3
25.505742825941,2
25.506410688673,3
25.506452688673,2
25.506650688673,3
25.506692688673,2
25.507089821543,3
25.507131821543,2
25.508203286873,3
25.508245286873,2
25.517814696109,3
25.517848696109,2
25.518028830917,3
25.518062830917,2
25.520033002972,3
25.520075002972,2
25.520306021025,3
25.520348021025,2
25.520636021025,3
25.520678021025,2
25.521119021025,3
25.521161021025,2
25.522335319494,3
25.522377319494,2
25.524751169911,3
25.524793169911,2
25.525997080114,3
25.526039080114,2
25.526183080114,3
25.526225080114,2
25.533788324903,3
25.533830324903,2
25.534073324903,3
25.534115324903,2
25.541688552047,3
25.541730552047,2
25.547454552047,3
25.547496552047,2
25.550437087418,3
25.550479087418,2
25.552405087418,3
25.552447087418,2
25.553860087418,3
25.553902087418,2
25.554982087418,3
25.555024087418,2
25.564195087418,3
25.564237087418,2
25.571397320128,3
25.571439320128,2
25.575219320128,3
25.575261320128,2
25.58220187841,3
25.58224387841,2
25.582803024552,3
25.582837024552,2
25.583017170774,3
25.583051170774,2
25.590087114758,3
25.590129114758,2
25.595618139607,3
25.595652139607,2
25.595832288089,3
25.595866288089,2
25.597775288089,3
25.597817288089,2
25.602211845993,3
25.602245845993,2
25.603432619548,3
25.603474619548,2
25.607076086597,3
25.607118086597,2
25.609683086597,3
25.609725086597,2
25.609922861417,3
25.609964861417,2
25.61017163628,3
25.61021363628,2
25.61031263628,3
25.61035463628,2
25.61091263628,3
25.61095463628,2
25.61108963628,3
25.61113163628,2
25.61307563628,3
25.61311763628,2
25.61527763628,3
25.61531963628,2
25.61630063628,3
25.61634263628,2
25.61645063628,3
25.61649263628,2
25.61677163628,3
25.61681363628,2
25.61725463628,3
25.61729663628,2
25.61749463628,3
25.61753663628,2
25.61779763628,3
25.61783963628,2
25.62178163628,3
25.62182363628,2
25.628313880687,3
25.628355880687,2
25.629822880687,3
25.629864880687,2
25.633149880687,3
25.633191880687,2
25.637097880687,3
25.637139880687,2
25.63734666044,3
25.63738866044,2
25.63762266044,3
25.63766466044,2
25.63775466044,3
25.63779666044,2
25.63854366044,3
25.63858566044,2
25.63914366044,3
25.63918566044,2
25.64233566044,3
25.64237766044,2
25.644143440909,3
25.644185440909,2
25.644320440909,3
25.644362440909,2
25.644623440909,3
25.644665440909,2
25.64487222202,3
25.64491422202,2
25.64501322202,3
25.64505522202,2
25.64519022202,3
25.64523222202,2
25.64545722202,3
25.64549922202,2
25.64615622202,3
25.64619822202,2
25.647922690162,3
25.647964690162,2
25.651477250546,3
25.651511250546,2
25.65169140893,3
25.65172540893,2
25.655038250958,3
25.655080250958,2
25.655287250958,3
25.655329250958,2
25.655473250958,3
25.655515250958,2
25.655974250958,3
25.656016250958,2
25.656862250958,3
25.656904250958,2
25.658561502473,3
25.658595502473,2
25.659343502542,3
25.659377502542,2
25.659557662326,3
25.659591662326,2
25.660474286213,3
25.660516286213,2
25.660678070186,3
25.660720070186,2
25.661097538483,3
25.661139538483,2
25.661445538483,3
25.661487538483,2
25.661784538483,3
25.661826538483,2
25.663378630892,3
25.663420630892,2
25.664329630892,3
25.664371630892,2
25.668817630892,3
25.668859630892,2
25.672360630892,3
25.672402630892,2
25.672483630892,3
25.672525630892,2
25.672624630892,3
25.672666630892,2
25.673026630892,3
25.673068630892,2
25.673626630892,3
25.673668630892,2
25.675616627864,3
25.675658627864,2
25.67946518661,3
25.67950718661,2
25.681205655549,3
25.681239655549,2
25.681419819229,3
25.681453819229,2
25.682979851798,3
25.683021851798,2
25.685694474253,3
25.685728474253,2
25.685908638735,3
25.685942638735,2
25.686714200603,3
25.686748200603,2
25.69049629388,3
25.69053829388,2
25.695951258808,3
25.695985258808,2
25.696498714123,3
25.696532714123,2
25.698105977951,3
25.698139977951,2
25.701257505112,3
25.701291505112,2
25.70217250518,3
25.70220650518,2
25.70324050526,3
25.70327450526,2
25.705760805742,3
25.705802805742,2
25.706045973829,3
25.706079973829,2
25.706216141957,3
25.706250141957,2
25.706386310115,3
25.706420310115,2
25.706635310138,3
25.706669310138,2
25.708497310138,3
25.708539310138,2
25.708694478699,3
25.708736478699,2
25.708873647295,3
25.708915647295,2
25.709068647295,3
25.709110647295,2
25.709497647295,3
25.709539647295,2
25.710169647295,3
25.710211647295,2
25.711273647295,3
25.711315647295,2
25.714050649793,3
25.714084649793,2
25.714535649793,3
25.714577649793,2
25.717146652816,3
25.717188652816,2
25.717368652816,3
25.717410652816,2
25.717482652816,3
25.717524652816,2
25.717830652816,3
25.717872652816,2
25.71913441004,3
25.71917641004,2
25.721004958546,3
25.721046958546,2
25.722471167588,3
25.722505167588,2
25.723289167588,3
25.723331167588,2
25.723419626968,3
25.723461626968,2
25.723812626968,3
25.723854626968,2
25.723971626968,3
25.724013626968,2
25.724148626968,3
25.724190626968,2
25.725504626968,3
25.725546626968,2
25.726203626968,3
25.726245626968,2
25.727802626968,3
25.727844626968,2
25.728023087024,3
25.728065087024,2
25.728227087024,3
25.728269087024,2
25.728778631872,3
25.728820631872,2
25.729029804069,3
25.729071804069,2
25.737533139098,3
25.737575139098,2
25.737701139098,3
25.737743139098,2
25.737977139098,3
25.738019139098,2
25.738352139098,3
25.738394139098,2
25.739141139098,3
25.739183139098,2
25.742783139098,3
25.742825139098,2
25.748153360057,3
25.748187360057,2
25.750601360057,3
25.750643360057,2
25.750715360057,3
25.750757360057,2
25.750901360057,3
25.750943360057,2
25.751263823598,3
25.751297823598,2
25.751559823598,3
25.751601823598,2
25.752420823598,3
25.752462823598,2
25.752543624289,3
25.752585624289,2
25.752685624289,3
25.752727624289,2
25.753058800797,3
25.753100800797,2
25.760430339664,3
25.760472339664,2
25.760986928716,3
25.761028928716,2
25.767714202261,3
25.767748202261,2
25.768453012648,3
25.768487012648,2
25.768587012648,3
25.768629012648,2
25.769200768074,3
25.769234768074,2
25.790178728672,3
25.790212728672,2
25.790285728672,3
25.790327728672,2
25.790561728672,3
25.790603728672,2
25.791116728672,3
25.791158728672,2
25.791302728672,3
25.791344728672,2
25.801456759846,3
25.801490759846,2
25.812596511538,3
25.812630511538,2
25.812817323271,3
25.812851323271,2
25.814829135202,3
25.814863135202,2
25.818462341216,3
25.818496341216,2
25.819317886022,3
25.819351886022,2
25.821479699173,3
25.821513699173,2
25.831798700124,3
25.831832700124,2
25.832435700183,3
25.832469700183,2
25.832685175877,3
25.832719175877,2
25.832792175877,3
25.832834175877,2
25.832951175877,3
25.832993175877,2
25.835019991519,3
25.835053991519,2
25.843216992277,3
25.843250992277,2
25.847827810058,3
25.847861810058,2
25.852738833284,3
25.852772833284,2
25.866619834578,3
25.866653834578,2
25.87150003897,3
25.87153403897,2
25.87165203897,3
25.87169403897,2
25.87192803897,3
25.87197003897,2
25.87260903897,3
25.87265103897,2
25.873678835224,3
25.873712835224,2
25.874155835224,3
25.874197835224,2
25.874377835224,3
25.874419835224,2
25.875976835224,3
25.876018835224,2
25.876648835224,3
25.876690835224,2
25.876771835224,3
25.876813835224,2
25.888739318602,3
25.888773318602,2
25.890836863545,3
25.890870863545,2
25.911812067977,3
25.911846067977,2
25.913353266215,3
25.913395266215,2
25.913870471941,3
25.913904471941,2
25.913977471941,3
25.914019471941,2
25.914244677759,3
25.914278677759,2
25.914564217991,3
25.914598217991,2
25.919701815721,3
25.919735815721,2
25.921334051768,3
25.921368051768,2
25.922052237165,3
25.922086237165,2
25.92514578222,3
25.92517978222,2
25.92628476933,3
25.92631876933,2
25.928819769563,3
25.928853769563,2
25.931187907726,3
25.931221907726,2
25.933097260226,3
25.933131260226,2
25.933728203214,3
25.933766203214,2
25.935761494697,3
25.935807494697,2
25.935925704505,3
25.935959704505,2
25.939280059765,3
25.939326059765,2
25.939525270227,3
25.939559270227,2
25.939720270245,3
25.939754270245,2
25.939863480779,3
25.939897480779,2
25.948939146083,3
25.948973146083,2
25.954133785885,3
25.954167785885,2
25.955026785959,3
25.955060785959,2
25.960824568887,3
25.960858568887,2
25.961758769754,3
25.961792769754,2
25.993353170506,3
25.993387170506,2
25.999203192439,3
25.999237192439,2
26.0008643615,3
26.0008983615,2
26.004192410897,3
26.004226410897,2
26.007446923467,3
26.007480923467,2
26.007686923489,3
26.007720923489,2
26.007962923515,3
26.007996923515,2
26.009556664344,3
26.009602664344,2
26.010077887805,3
26.010111887805,2
26.010836887875,3
26.010870887875,2
26.013118460439,3
26.013152460439,2
26.017686876412,3
26.017720876412,2
26.022076757781,3
26.022110757781,2
26.032278492534,3
26.032312492534,2
26.032654492562,3
26.032688492562,2
26.034362492724,3
26.034396492724,2
26.037917446013,3
26.037951446013,2
26.047514403215,3
26.047548403215,2
26.050572899525,3
26.050606899525,2
26.0608569005,3
26.0608909005,2
26.061830900601,3
26.061864900601,2
26.093564607671,3
26.093598607671,2
26.103832472991,3
26.103866472991,2
26.104873473081,3
26.104907473081,2
26.105772473167,3
26.105806473167,2
26.114897340705,3
26.114931340705,2
26.117287340932,3
26.117321340932,2
26.12234821027,3
26.12238221027,2
26.131256211122,3
26.131290211122,2
26.131851082712,3
26.131885082712,2
26.133238082845,3
26.133272082845,2
26.146161084073,3
26.146195084073,2
26.148086084258,3
26.148120084258,2
26.166139085998,3
26.166173085998,2
26.175248086873,3
26.175282086873,2
26.20937809015,3
26.20941209015,2
26.210071976757,3
26.210105976757,2
26.210454976794,3
26.210488976794,2
26.216580977385,3
26.216614977385,2
26.223801978073,3
26.223835978073,2
26.225464978234,3
26.225498978234,2
26.226014867934,3
26.226048867934,2
26.226775868008,3
26.226809868008,2
26.236792868975,3
26.236826868975,2
26.237932760914,3
26.237966760914,2
26.252241762309,3
26.252275762309,2
26.253317762413,3
26.253351762413,2
26.255376762604,3
26.255410762604,2
26.270683764089,3
26.270717764089,2
26.280635765057,3
26.280669765057,2
26.286987765675,3
26.287021765675,2
26.313481768266,3
26.313515768266,2
26.346663771501,3
26.346697771501,2
26.36531577333,3
26.36534977333,2
26.41652177837,3
26.41655577837,2
26.420273778741,3
26.420307778741,2
26.425780779285,3
26.425814779285,2
26.432241779923,3
26.432275779923,2
26.444407711204,3
26.444441711204,2
26.480944714821,3
26.480978714821,2
26.601991726931,3
26.602025726931,2
26.665358733342,3
26.665392733342,2
26.669638733776,3
26.669672733776,2
26.677916734606,3
26.677950734606,2
26.68252271438,3
26.68255671438,2
26.687697714905,3
26.687731714905,2
26.690123715151,3
26.690157715151,2
26.694811715628,3
26.694845715628,2
26.726953718893,3
26.726987718893,2
26.736815719899,3
26.736849719899,2
26.790301892056,3
26.790335892056,2
26.801171893173,3
26.801205893173,2
26.803375893399,3
26.803409893399,2
26.83349389651,3
26.83352789651,2
26.845528897752,3
26.845562897752,2
26.866933899955,3
26.866967899955,2
26.872845900567,3
26.872879900567,2
26.933583203214,3
26.933621203214,2
26.934112886753,3
26.934146886753,2
26.934210886753,3
26.934252886753,2
26.934522886753,3
26.934564886753,2
26.934726886753,3
26.934768886753,2
26.935335886753,3
26.935377886753,2
26.936475886753,3
26.936517886753,2
26.939685886753,3
26.939727886753,2
26.9429620411,3
26.9429960411,2
26.9490000411,3
26.9490420411,2
26.9491950411,3
26.9492370411,2
26.9495880411,3
26.9496300411,2
26.9501970411,3
26.9502390411,2
26.9512470411,3
26.9512890411,2
26.9533050411,3
26.9533470411,2
26.954597077228,3
26.954631077228,2
26.955146077228,3
26.955188077228,2
26.961110077228,3
26.961152077228,2
26.963141077228,3
26.963183077228,2
26.968364079881,3
26.968406079881,2
26.975777079881,3
26.975819079881,2
26.976067231222,3
26.976101231222,2
26.977129231305,3
26.977163231305,2
26.979499482033,3
26.979533482033,2
26.983188482033,3
26.983230482033,2
26.984318382113,3
26.984352382113,2
26.986285424805,3
26.986319424805,2
26.989983424805,3
26.990025424805,2
26.991017324406,3
26.991051324406,2
26.998972324406,3
26.999014324406,2
26.99919401819,3
26.99923601819,2
26.99948801819,3
26.99953001819,2
26.99999801819,3
27.00004001819,2
27.000219712135,3
27.000261712135,2
27.000540712135,3
27.000582712135,2
27.001059712135,3
27.001101712135,2
27.00173596234,3
27.00176996234,2
27.00180696234,3
27.00184896234,2
27.002620008577,3
27.002654008577,2
27.004410008577,3
27.004452008577,2
27.007989008577,3
27.008031008577,2
27.009075008577,3
27.009117008577,2
27.009261008577,3
27.009303008577,2
27.009402008577,3
27.009444008577,2
27.009705008577,3
27.009747008577,2
27.010206008577,3
27.010248008577,2
27.010704056309,3
27.010738056309,2
27.01110710436,3
27.01114110436,2
27.013435104604,3
27.013469104604,2
27.013768104604,3
27.013810104604,2
27.016186104604,3
27.016228104604,2
27.021159154287,3
27.021193154287,2
27.022005154287,3
27.022047154287,2
27.022418154419,3
27.022452154419,2
27.025316154419,3
27.025358154419,2
27.026197154826,3
27.026231154826,2
27.029274154826,3
27.029316154826,2
27.034051999519,3
27.034085999519,2
27.038715294788,3
27.038757294788,2
27.045460545362,3
27.045494545362,2
27.045775545362,3
27.045817545362,2
27.052108545362,3
27.052150545362,2
27.058427546729,3
27.058461546729,2
27.060740546729,3
27.060782546729,2
27.061772546729,3
27.061814546729,2
27.061931250408,3
27.061973250408,2
27.062090250408,3
27.062132250408,2
27.062762250408,3
27.062804250408,2
27.063272250408,3
27.063314250408,2
27.064826250408,3
27.064868250408,2
27.067793250408,3
27.067835250408,2
27.07182031033,3
27.07185431033,2
27.072041371241,3
27.072075371241,2
27.072753371316,3
27.072787371316,2
27.076550371316,3
27.076592371316,2
27.076718371316,3
27.076760371316,2
27.076931371316,3
27.076973371316,2
27.077486371316,3
27.077528371316,2
27.078392371316,3
27.078434371316,2
27.079055371316,3
27.079097371316,2
27.079385371316,3
27.079427371316,2
27.080381371316,3
27.080423371316,2
27.08187332674,3
27.08190732674,2
27.083131326873,3
27.083165326873,2
27.084280390272,3
27.084314390272,2
27.087344454106,3
27.087378454106,2
27.088207454198,3
27.088241454198,2
27.088428518573,3
27.088462518573,2
27.088562518573,3
27.088604518573,2
27.092710519026,3
27.092744519026,2
27.093996519026,3
27.094038519026,2
27.094380519026,3
27.094422519026,2
27.099183519026,3
27.099225519026,2
27.102362477377,3
27.102396477377,2
27.103135477459,3
27.103169477459,2
27.105159477459,3
27.105201477459,2
27.106595545541,3
27.106629545541,2
27.107684545541,3
27.107726545541,2
27.109213545819,3
27.109247545819,2
27.115837545819,3
27.115879545819,2
27.116811616126,3
27.116845616126,2
27.117962616126,3
27.118004616126,2
27.119650686827,3
27.119684686827,2
27.121709758057,3
27.121743758057,2
27.126703758057,3
27.126745758057,2
27.130120758057,3
27.130162758057,2
27.131035758057,3
27.131077758057,2
27.131808759129,3
27.131842759129,2
27.13272383281,3
27.13275783281,2
27.13386683281,3
27.13390883281,2
27.14316083281,3
27.14320283281,2
27.145665797344,3
27.145699797344,2
27.146166797407,3
27.146200797407,2
27.146444797407,3
27.146486797407,2
27.147193797517,3
27.147227797517,2
27.147774797579,3
27.147808797579,2
27.155171797579,3
27.155213797579,2
27.155816797579,3
27.155858797579,2
27.15846587656,3
27.15849987656,2
27.159246876634,3
27.159280876634,2
27.159624876634,3
27.159666876634,2
27.161565876634,3
27.161607876634,2
27.165018876634,3
27.165060876634,2
27.169497876634,3
27.169539876634,2
27.17020395723,3
27.17023795723,2
27.17679995723,3
27.17684195723,2
27.17829995723,3
27.17834195723,2
27.18429995723,3
27.18434195723,2
27.19057895723,3
27.19062095723,2
27.19405895723,3
27.19410095723,2
27.19946495723,3
27.19950695723,2
27.199686682691,3
27.199728682691,2
27.20019040821,3
27.20023240821,2
27.200340133786,3
27.200382133786,2
27.201414273669,3
27.201456273669,2
27.203319273669,3
27.203361273669,2
27.205269273669,3
27.205311273669,2
27.205410273669,3
27.205452273669,2
27.205551273669,3
27.205593273669,2
27.205791273669,3
27.205833273669,2
27.206148273669,3
27.206190273669,2
27.207108273669,3
27.207150273669,2
27.208779273669,3
27.208821273669,2
27.208992000607,3
27.209034000607,2
27.240791250817,3
27.240825250817,2
27.241257347722,3
27.241291347722,2
27.245942348225,3
27.245976348225,2
27.248479348498,3
27.248513348498,2
27.251527348835,3
27.251561348835,2
27.256330349351,3
27.256364349351,2
27.272334351062,3
27.272368351062,2
27.301993354259,3
27.302027354259,2
27.308902355015,3
27.308936355015,2
27.317763355973,3
27.317797355973,2
27.321969469863,3
27.322003469863,2
27.329272470663,3
27.329306470663,2
27.329565470695,3
27.329599470695,2
27.332820471047,3
27.332854471047,2
27.333707471143,3
27.333741471143,2
27.345450589311,3
27.345492589311,2
27.345755708786,3
27.345797708786,2
27.346229708786,3
27.346271708786,2
27.347377339095,3
27.347419339095,2
27.348391339095,3
27.348433339095,2
27.352485658848,3
27.352527658848,2
27.354664437139,3
27.354706437139,2
27.354859437139,3
27.354901437139,2
27.355225437139,3
27.355267437139,2
27.355528437139,3
27.355570437139,2
27.356290437139,3
27.356332437139,2
27.357934437139,3
27.357976437139,2
27.359199559245,3
27.359233559245,2
27.359665681707,3
27.359699681707,2
27.359962681707,3
27.360004681707,2
27.365145681768,3
27.365187681768,2
27.370600682904,3
27.370634682904,2
27.373119682904,3
27.373161682904,2
27.398546811105,3
27.398580811105,2
27.406716811995,3
27.406750811995,2
27.414230812814,3
27.414264812814,2
27.419242813361,3
27.419276813361,2
27.434575815046,3
27.434609815046,2
27.468945818797,3
27.468979818797,2
27.476979819678,3
27.477013819678,2
27.477200967825,3
27.477234967825,2
27.477430967851,3
27.477464967851,2
27.479033968027,3
27.479067968027,2
27.480766968217,3
27.480800968217,2
27.49424211865,3
27.49427611865,2
27.510074120392,3
27.510108120392,2
27.517308121188,3
27.517342121188,2
27.521968121691,3
27.522002121691,2
27.525171122044,3
27.525205122044,2
27.527483122299,3
27.527517122299,2
27.551114124906,3
27.551148124906,2
27.560919290422,3
27.560953290422,2
27.564957290868,3
27.564991290868,2
27.568999291326,3
27.569033291326,2
27.584282293017,3
27.584316293017,2
27.598314294572,3
27.598348294572,2
27.60460129527,3
27.60463529527,2
27.610170295878,3
27.610204295878,2
27.620598297036,3
27.620632297036,2
27.62237347707,3
27.62240747707,2
27.632765478226,3
27.632799478226,2
27.633061478258,3
27.633095478258,2
27.657380209332,3
27.657422209332,2
27.662237223159,3
27.662271223159,2
27.667470171851,3
27.667512171851,2
27.669169067954,3
27.669211067954,2
27.672624594984,3
27.672658594984,2
27.677348498758,3
27.677382498758,2
27.678383498758,3
27.678425498758,2
27.679800160481,3
27.679842160481,2
27.679931962828,3
27.679973962828,2
27.680375765202,3
27.680417765202,2
27.680876765202,3
27.680918765202,2
27.681503765202,3
27.681545765202,2
27.683165906861,3
27.683207906861,2
27.683423906861,3
27.683465906861,2
27.685823906861,3
27.685865906861,2
27.68600071018,3
27.68604271018,2
27.68626771018,3
27.68630971018,2
27.68645371018,3
27.68649571018,2
27.68740471018,3
27.68744671018,2
27.68861671018,3
27.68865871018,2
27.688829513951,3
27.688871513951,2
27.689060513951,3
27.689102513951,2
27.689399513951,3
27.689441513951,2
27.690681559506,3
27.690723559506,2
27.692163559506,3
27.692205559506,2
27.693807559506,3
27.693849559506,2
27.698178559506,3
27.698220559506,2
27.698409559506,3
27.698451559506,2
27.698523559506,3
27.698565559506,2
27.698655559506,3
27.698697559506,2
27.699615559506,3
27.699657559506,2
27.700458559506,3
27.700500559506,2
27.701661559506,3
27.701703559506,2
27.702247607014,3
27.702281607014,2
27.707223607014,3
27.707265607014,2
27.712818607014,3
27.712860607014,2
27.719277607014,3
27.719319607014,2
27.727626607014,3
27.727668607014,2
27.729737658353,3
27.729771658353,2
27.731051658353,3
27.731093658353,2
27.735197658353,3
27.735239658353,2
27.735608658353,3
27.735650658353,2
27.739106658353,3
27.739148658353,2
27.745891712213,3
27.745925712213,2
27.746314712213,3
27.746356712213,2
27.747029766639,3
27.747071766639,2
27.751742766639,3
27.751784766639,2
27.755656822092,3
27.755690822092,2
27.757384822092,3
27.757426822092,2
27.758983822092,3
27.759025822092,2
27.760474822092,3
27.760516822092,2
27.765821618749,3
27.765863618749,2
27.766034435011,3
27.766076435011,2
27.766382435011,3
27.766424435011,2
27.766640435011,3
27.766682435011,2
27.767834435011,3
27.767876435011,2
27.769145435011,3
27.769187435011,2
27.77132553527,3
27.77135953527,2
27.773004535459,3
27.773038535459,2
27.773507535459,3
27.773549535459,2
27.773684352966,3
27.773726352966,2
27.773798352966,3
27.773840352966,2
27.774056352966,3
27.774098352966,2
27.775106352966,3
27.775148352966,2
27.776282352966,3
27.776324352966,2
27.776702352966,3
27.776744352966,2
27.780768567381,3
27.780802567381,2
27.780929567381,3
27.780971567381,2
27.781133567381,3
27.781175567381,2
27.784639567817,3
27.784673567817,2
27.790132784986,3
27.790166784986,2
27.799335786035,3
27.799369786035,2
27.80867978709,3
27.80871378709,2
27.836932790284,3
27.836966790284,2
27.842812019316,3
27.842846019316,2
27.852258020397,3
27.852292020397,2
27.854640020667,3
27.854674020667,2
27.891082024796,3
27.891116024796,2
27.892285265603,3
27.892319265603,2
27.893334265722,3
27.893368265722,2
27.905046508238,3
27.905080508238,2
27.908536508635,3
27.908570508635,2
27.931650511261,3
27.931684511261,2
27.937769511959,3
27.937803511959,2
27.985564517439,3
27.985598517439,2
27.986034306272,3
27.986080306272,2
27.986474779799,3
27.986516779799,2
27.986644306367,3
27.986678306367,2
27.986931306367,3
27.986973306367,2
27.987558306367,3
27.987600306367,2
27.988640868589,3
27.988682868589,2
27.990077069823,3
27.990119069823,2
27.992264736666,3
27.992306736666,2
27.994170268055,3
27.994212268055,2
27.994329268055,3
27.994371268055,2
27.996491092246,3
27.996525092246,2
27.996733717282,3
27.996767717282,2
27.997060717318,3
27.997094717318,2
27.99732534247,3
27.99736734247,2
27.997689967696,3
27.997731967696,2
27.997857967696,3
27.997899967696,2
28.008955695406,3
28.008989695406,2
28.012818753837,3
28.012852753837,2
28.030349601487,3
28.030383601487,2
28.09916764294,3
28.09920164294,2
28.101257931616,3
28.101291931616,2
28.102371220652,3
28.102405220652,2
28.104880220943,3
28.104914220943,2
28.107192221211,3
28.107226221211,2
28.112308093526,3
28.112342093526,2
28.112676333606,3
28.112710333606,2
28.114825155073,3
28.114859155073,2
28.118574268643,3
28.118608268643,2
28.119111268716,3
28.119145268716,2
28.119895268806,3
28.119929268806,2
28.123196089788,3
28.123230089788,2
28.140538331466,3
28.140572331466,2
28.151990630815,3
28.152024630815,2
28.159509690181,3
28.159543690181,2
28.160487992735,3
28.160521992735,2
28.17234105206,3
28.17237505206,2
28.174707052336,3
28.174741052336,2
28.181668869843,3
28.181702869843,2
28.183491754113,3
28.183525754113,2
28.184048754159,3
28.184082754159,2
28.196159695856,3
28.196193695856,2
28.196519935944,3
28.196553935944,2
28.206615878534,3
28.206649878534,2
28.208798766938,3
28.208832766938,2
28.209019655548,3
28.209053655548,2
28.210235655648,3
28.210269655648,2
28.211168544545,3
28.211202544545,2
28.220182840015,3
28.220216840015,2
28.229269654549,3
28.229303654549,2
28.229735546542,3
28.229769546542,2
28.231519438728,3
28.231553438728,2
28.239944492429,3
28.239978492429,2
28.253668786272,3
28.253702786272,2
28.259552598361,3
28.259586598361,2
28.271546925582,3
28.271580925582,2
28.274593736218,3
28.274627736218,2
28.275787635743,3
28.275821635743,2
28.276008535393,3
28.276042535393,2
28.285723586004,3
28.285757586004,2
28.287483586141,3
28.287517586141,2
28.298299968997,3
28.298333968997,2
28.316950067693,3
28.316984067693,2
28.322922974615,3
28.322956974615,2
28.323685214948,3
28.323719214948,2
28.330365022318,3
28.330399022318,2
28.330695930983,3
28.330729930983,2
28.331423931044,3
28.331457931044,2
28.33281617146,3
28.33285017146,2
28.33717797809,3
28.33721197809,2
28.344284219351,3
28.344318219351,2
28.345283024999,3
28.345317024999,2
28.348993025306,3
28.349027025306,2
28.356327071371,3
28.356361071371,2
28.364120225122,3
28.364154225122,2
28.371895270016,3
28.371929270016,2
28.380803270754,3
28.380837270754,2
28.386154511648,3
28.386188511648,2
28.394375555556,3
28.394409555556,2
28.398962358034,3
28.398996358034,2
28.416076642623,3
28.416110642623,2
28.418382443443,3
28.418416443443,2
28.418803366688,3
28.418837366688,2
28.432557367837,3
28.432591367837,2
28.476607576509,3
28.476641576509,2
28.48609561425,3
28.48612961425,2
28.488170614422,3
28.488204614422,2
28.493470855915,3
28.493504855915,2
28.49428723721,3
28.49432123721,2
28.496589032684,3
28.496623032684,2
28.498601414866,3
28.498635414866,2
28.504627415586,3
28.504661415586,2
28.504869415614,3
28.504903415614,2
28.505237415658,3
28.505271415658,2
28.506378415794,3
28.506412415794,2
28.519260246545,3
28.519294246545,2
28.51970818655,3
28.51974218655,2
28.527794187223,3
28.527828187223,2
28.532107929727,3
28.532149929727,2
28.532302929727,3
28.532344929727,2
28.532902929727,3
28.532944929727,2
28.535279736722,3
28.535313736722,2
28.545784523809,3
28.545818523809,2
28.554550664941,3
28.554584664941,2
28.575173514328,3
28.575207514328,2
28.612021540313,3
28.612055540313,2
28.61893885586,3
28.61897285586,2
28.619153617783,3
28.619187617783,2
28.61957261783,3
28.61960661783,2
28.620671617953,3
28.620705617953,2
28.622630351378,3
28.622664351378,2
28.627689351943,3
28.627723351943,2
28.632654571986,3
28.632688571986,2
28.633030986653,3
28.633064986653,2
28.634405986819,3
28.634439986819,2
28.636274772864,3
28.636308772864,2
28.636614732369,3
28.636648732369,2
28.638719760029,3
28.638753760029,2
28.639645760107,3
28.639679760107,2
28.64282278766,3
28.64285678766,2
28.648532990389,3
28.648566990389,2
28.659726006131,3
28.659760006131,2
28.67201324949,3
28.67204724949,2
28.672698673725,3
28.672732673725,2
28.674513098251,3
28.674547098251,2
28.675736098399,3
28.675770098399,2
28.676660523564,3
28.676694523564,2
28.686501549618,3
28.686535549618,2
28.701033357089,3
28.701067357089,2
28.705554570146,3
28.705588570146,2
28.715890328639,3
28.715924328639,2
28.716547571137,3
28.716581571137,2
28.719704351761,3
28.719738351761,2
28.732048375061,3
28.732082375061,2
28.73983864013,3
28.73987264013,2
28.752845662807,3
28.752879662807,2
28.768887775448,3
28.768921775448,2
28.770938532643,3
28.770972532643,2
28.780916776575,3
28.780950776575,2
28.80689881648,3
28.80693281648,2
28.80960580477,3
28.80963980477,2
28.810903793404,3
28.810937793404,2
28.817654793972,3
28.817688793972,2
28.818057783876,3
28.818091783876,2
28.819603784006,3
28.819637784006,2
28.831329801552,3
28.831363801552,2
28.831884801607,3
28.831918801607,2
28.833833794033,3
28.833867794033,2
28.852473079432,3
28.852507079432,2
28.859286095248,3
28.859320095248,2
28.870479125572,3
28.870513125572,2
28.873087895894,3
28.873121895894,2
28.89772716938,3
28.89776116938,2
28.907239430192,3
28.907273430192,2
28.909981198089,3
28.910015198089,2
28.914910448441,3
28.914944448441,2
28.915131931991,3
28.915165931991,2
28.915834932078,3
28.915868932078,2
28.917764699306,3
28.917798699306,2
28.918233706077,3
28.918267706077,2
28.918535706103,3
28.918569706103,2
28.921100202154,3
28.921134202154,2
28.932574465824,3
28.932608465824,2
28.960436293032,3
28.960470293032,2
28.964863125692,3
28.964897125692,2
28.966411068933,3
28.966445068933,2
28.967643126007,3
28.967677126007,2
28.970478723803,3
28.970512723803,2
28.988456604151,3
28.988490604151,2
28.999648834003,3
28.999682834003,2
29.000090681698,3
29.000124681698,2
29.000607529513,3
29.000641529513,2
29.002056377549,3
29.002090377549,2
29.009946233534,3
29.009988233534,2
29.010820337432,3
29.010862337432,2
29.011501187682,3
29.011543187682,2
29.027482817234,3
29.027516817234,2
29.027697671239,3
29.027731671239,2
29.030710942587,3
29.030744942587,2
29.045510430348,3
29.045544430348,2
29.049399288871,3
29.049433288871,2
29.057986289849,3
29.058020289849,2
29.079616578465,3
29.079650578465,2
29.086763054988,3
29.086797054988,2
29.086977922488,3
29.087011922488,2
29.094014614294,3
29.094048614294,2
29.095525897703,3
29.095559897703,2
29.114664329701,3
29.114698329701,2
29.114885369763,3
29.114919369763,2
29.115583450689,3
29.115617450689,2
29.116308450751,3
29.116342450751,2
29.117519450854,3
29.117553450854,2
29.134923504601,3
29.134957504601,2
29.137832299711,3
29.137866299711,2
29.139330443119,3
29.139364443119,2
29.140202443193,3
29.140236443193,2
29.142716323148,3
29.142750323148,2
29.162697883678,3
29.162731883678,2
29.168786616991,3
29.168820616991,2
29.170713503403,3
29.170747503403,2
29.17092839007,3
29.17096239007,2
29.183066182024,3
29.183108182024,2
29.183324182024,3
29.183366182024,2
29.184274048696,3
29.184316048696,2
29.184444938466,3
29.184486938466,2
29.188044869975,3
29.188078869975,2
29.19045887018,3
29.19049287018,2
29.195854923032,3
29.195888923032,2
29.19655169469,3
29.19658569469,2
29.197873694841,3
29.197907694841,2
29.198088587722,3
29.198122587722,2
29.203687555753,3
29.203721555753,2
29.212072724826,3
29.212106724826,2
29.212757781486,3
29.212791781486,2
29.214570585883,3
29.214604585883,2
29.214785482588,3
29.214819482588,2
29.222803469783,3
29.222837469783,2
29.22679940119,3
29.22683340119,2
29.231850206555,3
29.231884206555,2
29.23206510722,3
29.23209910722,2
29.273577598817,3
29.273611598817,2
29.281141137881,3
29.281175137881,2
29.281583049872,3
29.281617049872,2
29.284490739811,3
29.284524739811,2
29.316837931687,3
29.316871931687,2
29.323048001986,3
29.323082001986,2
29.325140077693,3
29.325174077693,2
29.325670077738,3
29.325704077738,2
29.326565886505,3
29.326599886505,2
29.326780808924,3
29.326814808924,2
29.335325668389,3
29.335359668389,2
29.340371430417,3
29.340405430417,2
29.34161143056,3
29.34164543056,2
29.341826356441,3
29.341860356441,2
29.345156542492,3
29.345190542492,2
29.346046542595,3
29.346080542595,2
29.365274296642,3
29.365308296642,2
29.365489227973,3
29.365523227973,2
29.386191889101,3
29.386225889101,2
29.388737889394,3
29.388771889394,2
29.401990161695,3
29.402024161695,2
29.40463016201,3
29.40466416201,2
29.40634810258,3
29.40638210258,2
29.40688304342,3
29.40691704342,2
29.408942984548,3
29.408976984548,2
29.410291984704,3
29.410325984704,2
29.412882985003,3
29.412916985003,2
29.420719676247,3
29.420753676247,2
29.438151820192,3
29.438185820192,2
29.472268942699,3
29.472302942699,2
29.478950025866,3
29.478984025866,2
29.479565983492,3
29.479599983492,2
29.481508941404,3
29.481542941404,2
29.485994748109,3
29.486028748109,2
29.486364707327,3
29.486398707327,2
29.487025666674,3
29.487059666674,2
29.48731562613,3
29.48734962613,2
29.494601340206,3
29.494635340206,2
29.495091301441,3
29.495125301441,2
29.504089370131,3
29.504123370131,2
29.50430433353,3
29.50433833353,2
29.507213673659,3
29.507247673659,2
29.53072392204,3
29.53075792204,2
29.534042922425,3
29.534076922425,2
29.538442922935,3
29.538476922935,2
29.552731771337,3
29.552765771337,2
29.555627771673,3
29.555661771673,2
29.55584274702,3
29.55587674702,2
29.556297747073,3
29.556331747073,2
29.562582753266,3
29.562616753266,2
29.562797730227,3
29.562831730227,2
29.576722308704,3
29.576756308704,2
